ip,domain,timestamp,source
92.87.6.205,92.87.6.205,1663439068,Phishstats
2606:4700:3034::ac43:9b78,marshall.school.nz,1663444508,Phishstats
157.7.107.51,beatrick.net,1663449886,Phishstats
62.77.153.130,frances-sitioweb.com,1663450004,Phishstats
208.87.102.156,g4officeinstallations.com,1663450021,Phishstats
44.227.238.106,invalid-name-block.com,1663450060,Phishstats
104.21.80.209,magalcomvoces.com,1663450250,Phishstats
119.15.89.150,mail.mbbank.com.kh,1663450262,Phishstats
2a02:4780:13:902:0:25d9:c742:d,mapsbuscar-los.com,1663450265,Phishstats
2620:0:890::100,page-appeal-form-12865708.firebaseapp.com,1663450312,Phishstats
2620:0:890::100,page-appeal-form-12865798.firebaseapp.com,1663450314,Phishstats
2606:4700:3032::6815:3fdd,realizacoesefinences.xyz,1663450381,Phishstats
172.67.172.16,realizacoesefinences.xyz,1663450383,Phishstats
44.227.238.106,reviewing-acti.info,1663450386,Phishstats
63.250.43.132,sgegr-dgff-baeec4.ingress-erytho.ewp.live,1663450427,Phishstats
41.221.145.2,starstrap.co.zw,1663450491,Phishstats
208.87.102.156,theprincessprinciples.com,1663450504,Phishstats
31.31.198.209,u1783043.plsk.regruhosting.ru,1663450524,Phishstats
63.250.43.129,wells-b9573a.ingress-earth.ewp.live,1663450684,Phishstats
2606:4700:3037::6815:63a,www.wervicerh.com,1663450718,Phishstats
2001:4b98:dc6:253::8,www.alimentation-science-sante.fr,1663450764,Phishstats
69.49.246.112,www.eraoshgnbdafihgn.com,1663450769,Phishstats
199.102.48.9,pagessecureinformationrecoveractivity.co.vu,1663455350,Phishstats
2606:4700:3032::ac43:ceb7,metacase.id1000257642165.com,1663455884,Phishstats
103.72.5.135,mizuhi-bakk.com,1663455890,Phishstats
155.94.170.228,mizuhobanks.reply-japan.com,1663455894,Phishstats
199.102.48.39,socialcommunityrecoveryterms1809.co.vu,1663455975,Phishstats
199.36.158.100,page-appeal-form-12865708.web.app,1663456015,Phishstats
2620:0:890::100,up5927731.firebaseapp.com,1663456267,Phishstats
52.53.199.33,bfa.xxuz.com,1663461229,Phishstats
52.146.91.182,lnstagramhelp.net,1663461279,Phishstats
194.63.143.61,netflixsubscribe.0v3v374o8zj1.top,1663461299,Phishstats
199.102.48.39,socialcommunityrecoveryterms2022.co.vu,1663461591,Phishstats
89.249.49.198,server-7-collab.land,1663461681,Phishstats
108.167.132.233,solarseg.com,1663461686,Phishstats
104.21.22.142,altsavings.xyz,1663466423,Phishstats
154.222.238.46,gomesaczrao.com,1663466469,Phishstats
198.187.29.36,thefixerbmuae.com,1663466693,Phishstats
35.185.114.233,mandtbankmainpagew3.zapto.org,1663493008,Phishstats
65.108.17.98,apple.br-connect.com,1663493062,Phishstats
172.67.146.157,coinbasedex.life,1663493083,Phishstats
2606:4700:3031::6815:3f16,coinbasedex.vip,1663493085,Phishstats
2606:4700:3035::6815:361b,connectswallet.com,1663493089,Phishstats
104.21.54.27,connectswallet.com,1663493090,Phishstats
66.97.33.53,sd-1503069-h00008.ferozo.net,1663493092,Phishstats
166.62.10.47,darshanyog.org,1663493099,Phishstats
172.67.174.15,dpd-shop.64874121.xyz,1663493140,Phishstats
212.115.111.178,ergl.co.il,1663493153,Phishstats
77.222.40.224,service106.temp.swtest.ru,1663493158,Phishstats
63.250.43.14,espace-b4fb3e.ingress-daribow.ewp.live,1663493163,Phishstats
151.101.194.159,fsvllc.com,1663493177,Phishstats
63.250.43.133,idk-bb1195.ingress-erytho.ewp.live,1663493189,Phishstats
44.227.238.106,invalid-details-block.com,1663493190,Phishstats
2606:4700:3034::ac43:bf4a,maisnetmaisfamilia.com,1663493233,Phishstats
89.161.144.161,mar-bud.pl,1663493237,Phishstats
200.155.39.97,meprovi.org.br,1663493243,Phishstats
99.84.37.9,newport.d3siams4f9aoc3.amplifyapp.com,1663493269,Phishstats
51.15.139.10,pxlme.me,1663493279,Phishstats
2a03:6f00:1::5c35:60a7,www.assistancecppsecuricle.tmweb.ru,1663493506,Phishstats
2606:4700:3034::ac43:b465,www.bimcelli.ml,1663493507,Phishstats
74.208.236.226,www.bncorbanconhome.com,1663493508,Phishstats
2607:f1c0:100f:f000::200,www.bncorbanconhome.com,1663493509,Phishstats
212.115.111.178,www.ergl.co.il,1663493512,Phishstats
94.242.50.158,www.loginaolus.com,1663493530,Phishstats
162.240.67.236,www.masslenica.tk,1663493533,Phishstats
208.87.102.156,zookavapes.com,1663493547,Phishstats
104.21.79.169,coinbasedex.life,1663503848,Phishstats
172.67.142.145,coinbasedex.vip,1663503850,Phishstats
54.180.151.250,netflixfatura.from-ok.com,1663503974,Phishstats
152.32.204.135,www2.jreast.co.jp.logion.fubangjixie.cn,1663504199,Phishstats
200.225.40.19,www.customerservice-package.net,1663504209,Phishstats
192.249.112.235,www.hangingtenranch.com,1663504211,Phishstats
2606:4700:3030::6815:1231,www.bimcelli.ml,1663504239,Phishstats
162.241.190.165,www.kulekhaniretreat.com,1663504255,Phishstats
155.94.201.117,mizuhobank.zzrhzp.com,1663525350,Phishstats
35.240.224.208,mizuho-bask.btdia.com,1663525361,Phishstats
199.102.48.4,socialtermsettingcomunitys092022.co.vu,1663525370,Phishstats
35.247.189.115,felixth.co.vu,1663531139,Phishstats
2606:4700:3033::6815:6cd,mx201.bank-online.cf,1663531160,Phishstats
2606:4700:3033::6815:6cd,mx202.bank-online.cf,1663531162,Phishstats
172.67.135.66,mx203.bank-online.cf,1663531163,Phishstats
172.67.135.66,mx204.bank-online.cf,1663531165,Phishstats
172.67.135.66,mx208.bank-online.cf,1663531167,Phishstats
2606:4700:3033::6815:6cd,mx212.bank-online.cf,1663531168,Phishstats
52.17.156.155,onedeanstreet.com,1663536112,Phishstats
63.250.43.9,dwer32324-bb803f.ingress-baronn.ewp.live,1663536232,Phishstats
2a02:4780:dead:8867::1,magacumpons.000webhostapp.com,1663536365,Phishstats
128.199.36.41,nettflixupdate.4nmn.com,1663536406,Phishstats
199.34.228.54,office365schoolfaxapps.weebly.com,1663536408,Phishstats
149.210.195.148,prevenzis.nl,1663536433,Phishstats
20.226.9.83,promojogopanelas.com,1663536436,Phishstats
149.57.147.129,salsnocaerb.info,1663536492,Phishstats
63.250.43.132,santa-dns-army-b85505.ingress-erytho.ewp.live,1663536495,Phishstats
155.94.163.55,web.iib.mizuhobanka-jp.com,1663536683,Phishstats
172.67.210.8,verifyaccountrbfcu.com,1663536737,Phishstats
192.185.48.147,www.kirkney-village.co.za,1663536743,Phishstats
44.227.238.106,www.livehelp24.com,1663536744,Phishstats
185.27.133.15,www.tiemposalvaje.com,1663536751,Phishstats
199.36.158.100,deliverydhl-invoice.firebaseapp.com,1663542156,Phishstats
198.199.109.95,delivery-incoicedhl-jsh6813604.codeanyapp.com,1663542159,Phishstats
2607:f8b0:4006:822::200e,docs.google.com,1663542174,Phishstats
34.149.204.188,grupo-b4nc0lombia.home1749.repl.co,1663542382,Phishstats
198.54.120.212,hardcrossfit.com,1663542392,Phishstats
34.149.204.188,lavishbisquetest.verification97.repl.co,1663542591,Phishstats
155.94.170.228,login.mizuhobankes-jp.com,1663542632,Phishstats
63.250.43.6,mt-b944c9.ingress-comporellon.ewp.live,1663542706,Phishstats
2620:0:890::100,mtlogin-verify.firebaseapp.com,1663542708,Phishstats
172.67.145.143,nideindia.in,1663542735,Phishstats
34.149.204.188,plushextralargeparser.bancolom983.repl.co,1663542873,Phishstats
199.36.158.100,rbfcu-2.firebaseapp.com,1663542934,Phishstats
199.36.158.100,rbfcu-6.firebaseapp.com,1663542936,Phishstats
2620:0:890::100,rbfcu-6.web.app,1663542937,Phishstats
2620:0:890::100,rbfcu-9.firebaseapp.com,1663542938,Phishstats
199.34.228.53,securityifaceb00k.weebly.com,1663543004,Phishstats
34.149.204.188,snivelingquarterlyconferences.bancolom983.repl.co,1663543029,Phishstats
34.149.204.188,triangularhonestcomputationallinguistics.96535.repl.co,1663543095,Phishstats
199.34.228.54,verifikasifaceboook992.weebly.com,1663543160,Phishstats
20.102.126.230,verifyservices-contact.com,1663543161,Phishstats
190.123.44.162,web.ib.mizuhobankz.confirm-update-jp.com,1663543325,Phishstats
190.123.44.158,web.ib.mizuhobankz.japan-servlet.com,1663543328,Phishstats
192.254.235.71,mobile.kinman.com,1663547534,Phishstats
194.63.143.61,netflixsubscribe.1dxlmpoo2f2x.top,1663547538,Phishstats
20.39.208.24,bankruptcy-form-fn-prod-ods.insolvency-development.co.uk,1663547595,Phishstats
185.199.109.153,enzozsantana.github.io,1663547668,Phishstats
109.71.253.24,government-portal.cyou,1663547702,Phishstats
95.161.129.153,ksk-koeln.de.sicherheitsupdates.com,1663547766,Phishstats
104.21.33.116,user-bancosantander.com,1663548157,Phishstats
167.99.227.39,aziende-consulenti-associazionibnl-bnp1234.4nmn.com,1663563329,Phishstats
50.87.150.183,ipovcon2020.ssu.edu.ph,1663563365,Phishstats
204.16.169.54,istitutosociale-pubblico-identita-digitale-bnl.ns1.name,1663563366,Phishstats
13.107.42.14,lnkd.in,1663563485,Phishstats
103.72.5.135,mizuho-back.com,1663563490,Phishstats
63.250.43.14,aramex-b3dbea.ingress-daribow.ewp.live,1663579691,Phishstats
192.185.22.184,e234164ba82be.arpanmshah.com,1663579868,Phishstats
67.222.131.174,eimtec.com.my,1663579874,Phishstats
63.250.43.2,fifth3rd-1-bad7df.ingress-bonde.ewp.live,1663579935,Phishstats
63.250.43.132,httpwwwrequiesactionserveureglog-b9317e.ingress-erytho.ewp.live,1663579998,Phishstats
63.250.43.9,ingressnoreplypostal929494-bbad2d.ingress-baronn.ewp.live,1663580032,Phishstats
15.229.77.231,itaucard.atendementos.com,1663580045,Phishstats
63.250.43.13,particular-santnador-ba275a.ingress-daribow.ewp.live,1663580153,Phishstats
162.241.194.161,www.clickforcontent.com,1663580429,Phishstats
69.61.33.98,www.ideaarquitectura.com.ar,1663580435,Phishstats
172.67.181.195,www.encuentrabnvdchaco.com,1663580519,Phishstats
192.185.22.184,59b627123ae34.arpanmshah.com,1663585403,Phishstats
107.161.23.124,cf87fb8036b69.pressionmax.com,1663585524,Phishstats
155.94.154.11,web-mizuhobank-co-jp.com,1663586282,Phishstats
217.160.0.201,spar-kundendienst-online.de,1663590693,Phishstats
104.21.4.30,olx-pol-kxlsw2.ampj.top,1663595887,Phishstats
104.21.35.54,olx-pol-kxlsw2.dantri.top,1663595891,Phishstats
172.67.199.20,olx-pol-kxlsw2.hbjiaju.top,1663595896,Phishstats
2606:4700:3036::6815:2c60,olx-pol-kxlsw2.kenek.xyz,1663595897,Phishstats
2606:4700:3031::6815:3056,olx-pol-kxlsw2.kerjaoey.xyz,1663595898,Phishstats
172.67.213.35,olx-pol-kxlsw2.piaofa.top,1663595910,Phishstats
2606:4700:3035::6815:28a9,olx-pol-kxlsw2.saute.live,1663595917,Phishstats
2606:4700:3035::ac43:9efb,olx-pol-kxlsw2.sjkdh.xyz,1663595918,Phishstats
2606:4700:3031::ac43:cd6a,olx-pol-kxlsw2.smitraly.xyz,1663595919,Phishstats
172.67.150.56,olx-pol-kxlsw2.tzjtzj.top,1663595923,Phishstats
2606:4700:3037::6815:5380,olx-pol-kxlsw2.vanhien.xyz,1663595924,Phishstats
104.21.71.158,olx-pol-kxlsw2.virbuz.xyz,1663595926,Phishstats
2606:4700:3032::6815:51a7,olx-pol-kxlsw2.wdqq.xyz,1663595927,Phishstats
34.149.204.188,23487623423.456422.repl.co,1663595939,Phishstats
185.101.35.187,tender-aryabhata.185-101-35-187.plesk.page,1663606771,Phishstats
81.161.229.132,secure7-sfr.fr,1663611939,Phishstats
34.149.204.188,22686745e.349812f.repl.co,1663617483,Phishstats
104.21.53.102,allegrolokalnie-purchase.423960.xyz,1663617490,Phishstats
34.149.204.188,ambitiouspowerfulspecialist.plaxcolombina.repl.co,1663617491,Phishstats
34.149.204.188,asuntox92929.verificacio19.repl.co,1663617500,Phishstats
185.158.248.233,authyprobank.xyz,1663617513,Phishstats
2606:4700::6812:1734,bafybeihsnmtiptw2tirq3rfba4mgdqbrzvrcynn74bgte647u2ithenycy.ipfs.w3s.link,1663617514,Phishstats
34.149.204.188,bancol.colombiaonli.repl.co,1663617515,Phishstats
192.185.190.33,sdfoil.cam,1663617573,Phishstats
63.250.43.14,dkb-bb8e35.ingress-daribow.ewp.live,1663617576,Phishstats
94.176.161.198,ihresendungistunterwegs.net,1663617612,Phishstats
34.149.204.188,macroenlinea.verificacio19.repl.co,1663617670,Phishstats
2606:4700:3037::6815:1f8b,quinbyvahe.buzz,1663617696,Phishstats
34.149.204.188,security1gateway1outlook.confirmacion001.repl.co,1663617726,Phishstats
54.205.81.162,spheron.infura-ipfs.io,1663617735,Phishstats
34.149.204.188,trustingultimatecertifications.confirms.repl.co,1663617759,Phishstats
34.149.204.188,verificacions.repl.co,1663617768,Phishstats
155.94.170.82,www.smdc-card.com,1663617953,Phishstats
104.250.174.241,instantconf.sa.com,1663622650,Phishstats
69.49.245.57,base-panelllz-8.ml,1663622803,Phishstats
137.59.110.65,bebond.my,1663622806,Phishstats
2620:0:890::100,case10056216532150.firebaseapp.com,1663622831,Phishstats
199.36.158.100,case10056321051054.firebaseapp.com,1663622833,Phishstats
2606:4700:3037::6815:2b63,case.id10002898563462.com,1663622835,Phishstats
95.216.117.126,e4r4.com,1663622898,Phishstats
2620:0:890::100,facebook-help-6006194358149606.firebaseapp.com,1663622916,Phishstats
137.59.110.65,labquip.com.my,1663623039,Phishstats
162.144.38.214,lawglaben.com,1663623043,Phishstats
63.250.43.1,mail02factodyaloana-bbdc4e.ingress-bonde.ewp.live,1663623062,Phishstats
2606:4700:130:436c:6f75:6466:6c61:7265,manage.cisn10000062910011.com,1663623073,Phishstats
137.59.110.65,mcvin.com.my,1663623090,Phishstats
172.67.206.183,meta.id1000257642165.com,1663623132,Phishstats
154.222.238.46,miezuhabsenk.com,1663623139,Phishstats
35.206.108.229,mt3bnk3.com,1663623153,Phishstats
2620:0:890::100,mtbverifytrans.firebaseapp.com,1663623154,Phishstats
162.244.81.164,ng19jjoluocd25jpf8juj81qhl6sr8j2ootni6rkk50jjk43856pmn8.siasky.net,1663623186,Phishstats
167.86.72.114,nunesboys.co.uk,1663623224,Phishstats
134.70.124.2,objectstorage.us-sanjose-1.oraclecloud.com,1663623239,Phishstats
2a02:7b40:3e4d:9996::1,online-frances-webs.com,1663623275,Phishstats
104.21.95.3,online-rbchome.com,1663623277,Phishstats
199.36.158.100,rbfcu-bank6.firebaseapp.com,1663623318,Phishstats
199.36.158.100,rbfcu-bank6.web.app,1663623319,Phishstats
199.36.158.100,rbfcu-bank9.firebaseapp.com,1663623320,Phishstats
199.36.158.100,rbfcu-bank9.web.app,1663623322,Phishstats
34.149.204.188,safeopenpattern000123.nighper.repl.co,1663623337,Phishstats
195.128.123.5,service-online.world29892893vhost246833.lowhost.ru,1663623373,Phishstats
192.185.74.105,sintelperu.org,1663623390,Phishstats
137.59.110.65,tkrentals.com.my,1663623432,Phishstats
2620:0:890::100,uczqlhkqrg.firebaseapp.com,1663623447,Phishstats
2620:0:890::100,uczqlhkqrg.web.app,1663623448,Phishstats
63.250.43.5,web-log-bbcf61.ingress-comporellon.ewp.live,1663623575,Phishstats
79.143.85.14,www.online.deny-auth10.com,1663623600,Phishstats
89.46.109.67,www.otpbankservice.com,1663623604,Phishstats
69.49.231.177,zqxnzqx8.cf,1663623616,Phishstats
94.176.161.198,www.ihresendungistunterwegs.net,1663623664,Phishstats
133.130.97.61,www.nhadephatinh.net,1663623676,Phishstats
179.43.183.46,www.we-ti.ga,1663623691,Phishstats
63.250.43.10,deliveryulimdpuk-bb976b.ingress-baronn.ewp.live,1663633373,Phishstats
63.250.43.133,colonel-reys-bb7992.ingress-erytho.ewp.live,1663633550,Phishstats
63.250.43.9,deliveryulimdpuk-bb976b.ingress-baronn.ewp.live,1663633555,Phishstats
199.102.48.40,secureaccountsavedlogin4665695955.co.vu,1663633564,Phishstats
199.36.158.100,facebook-help-6006194358149606.firebaseapp.com,1663633575,Phishstats
2620:0:890::100,facebook-help-6006194358149606.web.app,1663633576,Phishstats
180.222.188.100,ishise.com,1663633626,Phishstats
23.254.253.92,monroevillerehab-auth.ga,1663633712,Phishstats
145.14.145.230,parametriaccessomobile.000webhostapp.com,1663633818,Phishstats
20.171.121.123,secure3serverboaf33.serveusers.com,1663633904,Phishstats
67.212.186.172,shavingkit.club,1663633923,Phishstats
185.42.104.71,www.cdecornella.com,1663634082,Phishstats
155.94.170.125,bnzxyhuhafxcvb.top,1663639147,Phishstats
34.149.204.188,macroenl.macroonline.repl.co,1663639218,Phishstats
198.55.102.104,smbcoyy.eqfdig.xyz,1663639301,Phishstats
198.55.102.104,smbcoyy.kc5v6f.xyz,1663639306,Phishstats
89.46.109.44,www.bedandbreakfastmarco.com,1663649855,Phishstats
111.90.142.163,dropbox.sudsafe.com,1663660279,Phishstats
199.34.228.54,facebookhp.weebly.com,1663665906,Phishstats
20.14.85.202,lu1z4-f4tura-r4pida.com,1663665946,Phishstats
199.34.228.54,onedrive98735.weebly.com,1663666012,Phishstats
79.143.85.14,online.deny-auth10.com,1663666014,Phishstats
151.106.124.179,aurumcrystals.com,1663666059,Phishstats
104.18.23.52,bafybeifwl5qz3ydi6sv2cnhpi5tk5hlkrappcrghmtvnkhwudz3ly7kine.ipfs.w3s.link,1663666065,Phishstats
34.203.142.67,bmo.2web-account.com,1663666075,Phishstats
2620:0:890::100,copyright-appeal213914784.web.app,1663666106,Phishstats
199.36.158.100,copyright-helpcenter1289037189.firebaseapp.com,1663666108,Phishstats
199.36.158.100,fb-appeal-review1287682.firebaseapp.com,1663666151,Phishstats
185.185.80.117,gasdesigns.org,1663666169,Phishstats
34.149.204.188,hmebanklnggallcla.hmebanklnggallc.repl.co,1663666172,Phishstats
77.105.36.108,ledadvertising.rs,1663666269,Phishstats
63.250.43.13,mtalertcarecenter-1-7a94f5.ingress-daribow.ewp.live,1663666306,Phishstats
54.180.151.250,netflixfatura.homeip.net,1663666325,Phishstats
31.31.198.233,nocai.ru,1663666332,Phishstats
63.250.43.137,notifserveurcooperatif-bb4e70.ingress-florina.ewp.live,1663666336,Phishstats
2606:4700:3031::ac43:a385,nz-billingspotify.com,1663666350,Phishstats
104.21.42.158,nz-billingspotify.com,1663666353,Phishstats
35.155.30.240,remove-access-attempt.info,1663666393,Phishstats
213.165.236.61,soulbox.tz,1663666463,Phishstats
162.0.239.174,superglobalmall.net,1663666488,Phishstats
35.231.208.25,walletconnectw.com,1663666712,Phishstats
191.252.105.201,www.my.commbank.com.au.logon.vidroboxbirigui.com.br,1663666771,Phishstats
162.241.123.158,thecatbreeds.com,1663666810,Phishstats
157.7.107.196,usabotchi.com,1663666821,Phishstats
50.31.147.106,www.alignnex.com,1663666829,Phishstats
209.182.210.83,www.essenceofbeing.com,1663666839,Phishstats
87.106.229.31,www.hipnokink.com,1663666854,Phishstats
176.123.0.83,www.ispitalia-confo.com,1663666859,Phishstats
192.254.238.90,www.sunnabusinesssolutions.com,1663666870,Phishstats
192.254.232.198,www.tacteam.org.uk,1663666873,Phishstats
111.90.149.155,citiyibank.online,1663671476,Phishstats
107.167.11.125,crm.rlzinqhftp.com,1663677377,Phishstats
155.94.128.158,opbuigbvixhw.ml,1663677551,Phishstats
23.254.253.92,thevillagesoforleans-auth.tk,1663677661,Phishstats
179.43.149.137,www.volksservicessonline.com,1663677978,Phishstats
199.34.228.53,xxxlaol.weebly.com,1663677983,Phishstats
202.144.192.123,gmo-back.com,1663682221,Phishstats
208.87.102.156,gypsysoulatelier.com,1663682225,Phishstats
172.67.135.27,olx-kjjwq.garati.xyz,1663682292,Phishstats
104.21.46.103,olx-kjjwq.marbeh.live,1663682293,Phishstats
81.161.229.46,81.161.229.46,1663703588,Phishstats
212.27.60.108,s.free.fr,1663703798,Phishstats
192.185.194.213,jamesfullervoice.com,1663709014,Phishstats
185.199.111.153,25032001.github.io,1663709165,Phishstats
198.54.115.248,alexcoteltee.net,1663709194,Phishstats
190.14.39.98,apple-portal-store-support-online.com,1663709218,Phishstats
2606:4700::6811:400e,bafybeibvrh2wyz2hjacol7v7cgbfsv57nc2kwqqa6m54pvjsq3quvhvcjy.ipfs.cf-ipfs.com,1663709237,Phishstats
63.250.43.1,cliente-7b304e.ingress-bonde.ewp.live,1663709277,Phishstats
172.67.134.1,configurar-bancosantander.com,1663709293,Phishstats
2620:0:890::100,copyright-appeal13184837.firebaseapp.com,1663709294,Phishstats
141.193.213.20,drbethwestie.com,1663709324,Phishstats
52.218.117.153,ed559d5f1633a37791679673984c2278.s3.amazonaws.com,1663709327,Phishstats
63.250.43.137,fifth3rd-bbe42c.ingress-florina.ewp.live,1663709415,Phishstats
2a02:4780:dead:3fb0::1,kilai.000webhostapp.com,1663709490,Phishstats
134.70.156.1,objectstorage.eu-stockholm-1.oraclecloud.com,1663709602,Phishstats
134.70.12.1,objectstorage.us-phoenix-1.oraclecloud.com,1663709607,Phishstats
134.70.8.1,objectstorage.us-phoenix-1.oraclecloud.com,1663709609,Phishstats
162.159.138.9,office365login.elementor.cloud,1663709615,Phishstats
2620:0:890::100,ofvur9944.web.app,1663709622,Phishstats
2620:0:890::100,onedrive-proposal-96ba6.firebaseapp.com,1663709627,Phishstats
104.21.53.186,paraumnovoobjetivo.com,1663709644,Phishstats
199.36.158.100,pdf-online-b01bb.firebaseapp.com,1663709646,Phishstats
199.36.158.100,pending-4b109.firebaseapp.com,1663709650,Phishstats
85.187.128.34,portal.bancochile.cl.askinbd.com,1663709680,Phishstats
172.67.133.244,rlse.binper.top,1663709711,Phishstats
138.197.235.123,roundcube-brick.surge.sh,1663709714,Phishstats
173.231.200.9,scooterx.biz,1663709720,Phishstats
198.46.81.2,secure271.servconfig.com,1663709737,Phishstats
2a02:4780:dead:afeb::1,sexphotox121.000webhostapp.com,1663709758,Phishstats
27.100.36.46,styleproof.com,1663709837,Phishstats
94.103.183.252,support-info.xyz,1663709873,Phishstats
2606:4700::6812:1878,usaa-livee-online-update-start-confirmation-info-us.preview-domain.com,1663709875,Phishstats
155.94.201.179,uspsost.bqwl.top,1663709883,Phishstats
162.241.114.84,wallet.earnsthetatoken.org,1663710016,Phishstats
162.241.114.84,wallet.earnthetatoken.org,1663710018,Phishstats
45.113.122.66,www.emailuser.in,1663710060,Phishstats
172.67.129.75,www.sabordaserramg.com.br,1663710093,Phishstats
2606:4700:3031::ac43:814b,www.sabordaserramg.com.br,1663710095,Phishstats
155.94.145.197,www.uspackage999.top,1663710100,Phishstats
137.59.110.65,ysamarketing.com.my,1663710105,Phishstats
63.250.43.133,test-bb426c.ingress-erytho.ewp.live,1663710116,Phishstats
202.40.167.128,wholebodyharmony.com.au,1663710133,Phishstats
20.194.0.223,www.eddbankofamerica5912.duckdns.org,1663710144,Phishstats
155.94.154.85,www.post-office-login.com,1663710156,Phishstats
162.144.125.199,162.144.125.199,1663714435,Phishstats
46.4.82.143,dev.tax-pol.pl,1663714445,Phishstats
198.136.48.195,facema.edu.br,1663714451,Phishstats
34.149.204.188,animatedforsakensites.verificdavi0422.repl.co,1663714488,Phishstats
199.36.158.100,axrlakdzja.firebaseapp.com,1663714498,Phishstats
199.36.158.100,axrlakdzja.web.app,1663714499,Phishstats
2620:0:890::100,business-fb-review-182765.web.app,1663714502,Phishstats
2620:0:890::100,case10050156105058.firebaseapp.com,1663714524,Phishstats
199.36.158.100,case10050156105058.web.app,1663714525,Phishstats
2620:0:890::100,case100520011528541.firebaseapp.com,1663714526,Phishstats
2620:0:890::100,case100520011528541.web.app,1663714527,Phishstats
199.36.158.100,case100520651321652.firebaseapp.com,1663714528,Phishstats
199.36.158.100,case100520651321652.web.app,1663714529,Phishstats
2620:0:890::100,case10052455185674.firebaseapp.com,1663714531,Phishstats
199.36.158.100,case10052455185674.web.app,1663714532,Phishstats
199.36.158.100,copyright-appeal213914784.firebaseapp.com,1663714537,Phishstats
199.36.158.100,copyright-helpcenter123131424.firebaseapp.com,1663714539,Phishstats
199.36.158.100,copyright-helpcenter1289037189.web.app,1663714541,Phishstats
2620:0:890::100,ea6acd5e3d06efaa3c427414515806.firebaseapp.com,1663714546,Phishstats
199.36.158.100,ea6acd5e3d06efaa3c427414515806.web.app,1663714547,Phishstats
199.36.158.100,general0493043.firebaseapp.com,1663714559,Phishstats
199.36.158.100,general0493043.web.app,1663714560,Phishstats
192.245.157.80,happydazecostumes.com,1663714562,Phishstats
63.250.43.133,reminderdeliveryparceldpuk-ba0430.ingress-erytho.ewp.live,1663719729,Phishstats
2606:50c0:8003::153,25032001.github.io,1663719732,Phishstats
199.34.228.53,e33webert5e9e89983f3643bc97-9014fa5d80934be982fb883090c5aa02.weebly.com,1663719817,Phishstats
2620:0:890::100,grem-6yt7h.firebaseapp.com,1663719834,Phishstats
2620:0:890::100,grem-6yt7h.web.app,1663719835,Phishstats
199.36.158.100,ilionzermelome.firebaseapp.com,1663719845,Phishstats
199.36.158.100,ilionzermelome.web.app,1663719846,Phishstats
2606:4700:3036::ac43:85f4,rlse.binper.top,1663719954,Phishstats
18.130.39.138,particulier-espaceboncoin.18-130-39-138.plesk.page,1663741204,Phishstats
129.226.211.22,129.226.211.22,1663751892,Phishstats
2606:4700:3032::6815:5266,ksuinvclub.com,1663752089,Phishstats
45.148.116.57,mescomptes-bnp.fr,1663752110,Phishstats
104.168.136.235,pfd-mtlebanonrehab-docs.gq,1663752131,Phishstats
31.31.198.180,u1787779.plsk.regruhosting.ru,1663752197,Phishstats
89.46.109.67,www.infootpbank.com,1663752346,Phishstats
2606:4700:3034::6815:3e45,olx-kjjwq.gehao.top,1663768084,Phishstats
2606:4700:3035::ac43:852c,olx-kjjwq.ramanji.xyz,1663768085,Phishstats
2606:4700:3033::ac43:99e0,olx-pol-kxlsw2.inmeng.xyz,1663768087,Phishstats
2606:4700:3035::6815:62d,olx-pol-kxlsw2.osbon.xyz,1663768088,Phishstats
2606:4700:3032::6815:341f,vinted-pl-gkk219.wompus.xyz,1663768131,Phishstats
172.67.212.101,olx-pol-kxlsw2.diyang.top,1663773453,Phishstats
2606:4700:130:436c:6f75:6466:6c61:7265,olx-pol-kxlsw2.kuantu.top,1663773461,Phishstats
172.67.176.195,olx-pol-kxlsw2.starpro.live,1663778833,Phishstats
172.67.197.245,olx-pol-kxlsw2.viewsy.xyz,1663778835,Phishstats
172.67.194.159,olx-pol-kxlsw2.wompus.xyz,1663778836,Phishstats
172.67.205.212,vinted-pl-gj32d.cijilu.xyz,1663779382,Phishstats
104.21.58.11,vinted-pl-gj32d.inmeng.xyz,1663779385,Phishstats
2606:4700:3035::6815:2b78,vinted-pl-gj32d.kuantu.top,1663779386,Phishstats
104.21.6.45,vinted-pl-gj32d.osbon.xyz,1663779388,Phishstats
2606:4700:3032::ac43:9cb7,vinted-pl-gj32d.pqoe.xyz,1663779389,Phishstats
172.67.176.195,vinted-pl-gj32d.starpro.live,1663779391,Phishstats
2606:4700:3035::6815:4d5a,vinted-pl-gj32d.tianbei.top,1663779392,Phishstats
172.67.197.245,vinted-pl-gj32d.viewsy.xyz,1663779393,Phishstats
172.67.194.159,vinted-pl-gj32d.wompus.xyz,1663779393,Phishstats
104.18.22.52,bafybeicleia5sx5elbtmg5nmrv3lwkupbji2wswwgv6i7wsenle2aphziy.ipfs.w3s.link,1663790097,Phishstats
142.4.19.33,shuixshur.ga,1663790188,Phishstats
190.123.44.163,mizuhabonke-japan.bartholoms.cyou,1663790243,Phishstats
179.43.156.149,mizuhabonk-japan.uctionmax.com,1663790244,Phishstats
2606:4700:3032::6815:b43,newfoundationspubl.org,1663790259,Phishstats
185.122.204.75,vinted-polska-hj.order9356.info,1663790358,Phishstats
190.123.44.162,web.ib.miizuhabonk-japan.uctionmae.com,1663790479,Phishstats
155.94.196.212,web.ib.mizhuhoobankes-dowo.com,1663790482,Phishstats
182.18.157.233,www.heartworktattoofestival.com,1663790506,Phishstats
155.94.170.82,www.smdc-card.lubosq.com,1663790513,Phishstats
208.109.76.93,www.malachitecapital.com,1663790531,Phishstats
63.250.43.137,royal-b930c8.ingress-florina.ewp.live,1663795141,Phishstats
104.21.65.225,diadaoportunidade.com,1663795275,Phishstats
81.88.52.119,djcelio.com,1663795279,Phishstats
63.250.43.132,goldstanderfunny-bab249.ingress-erytho.ewp.live,1663795316,Phishstats
13.225.223.53,main.d351gzhz879su7.amplifyapp.com,1663795377,Phishstats
199.36.158.100,meta-business-appeal-120650562.firebaseapp.com,1663795383,Phishstats
199.36.158.100,meta-business-appeal-120650562.web.app,1663795384,Phishstats
199.36.158.100,meta-business-review-12897659.firebaseapp.com,1663795387,Phishstats
2620:0:890::100,meta-business-review-129867912.firebaseapp.com,1663795389,Phishstats
2620:0:890::100,meta-business-review-192869219.firebaseapp.com,1663795391,Phishstats
2620:0:890::100,meta-business-review-198609022.firebaseapp.com,1663795393,Phishstats
2620:0:890::100,nczfpcqufh.firebaseapp.com,1663795437,Phishstats
199.36.158.100,networksolution-validatexl02.firebaseapp.com,1663795439,Phishstats
199.36.158.100,networksolution-validatexl02.web.app,1663795440,Phishstats
199.36.158.100,online-amfc.firebaseapp.com,1663795490,Phishstats
79.143.85.14,online.deny-auth12.com,1663795493,Phishstats
2620:0:890::100,prod-2ht7dc.firebaseapp.com,1663795509,Phishstats
172.67.131.250,realizerapidaconsultas.xyz,1663795527,Phishstats
185.199.110.153,rohitsvt.github.io,1663795551,Phishstats
2620:0:890::100,roundcubmail-authenticat-42a35.web.app,1663795552,Phishstats
199.36.158.100,roundcubmail-authenticat-42a35.firebaseapp.com,1663795552,Phishstats
2620:0:890::100,roundcubmail-authenticatioalx2.firebaseapp.com,1663795553,Phishstats
2620:0:890::100,roundcubmail-authenticatioalx2.web.app,1663795554,Phishstats
2620:0:890::100,sbaubjhyak.firebaseapp.com,1663795571,Phishstats
2620:0:890::100,sbaubjhyak.web.app,1663795571,Phishstats
2606:4700:3031::6815:126d,sempremelhor.com,1663795619,Phishstats
91.201.52.12,sptserov.ru,1663795672,Phishstats
119.18.54.85,tibarumals.com,1663795689,Phishstats
199.36.158.100,verificationidn.firebaseapp.com,1663795705,Phishstats
199.36.158.100,verifychase.firebaseapp.com,1663795707,Phishstats
137.59.110.65,wasserdynamic.com.my,1663795834,Phishstats
155.94.169.223,web.ib.miizuhabanknbest.com,1663795837,Phishstats
199.36.158.100,wellsfargoverification.web.app,1663795847,Phishstats
63.250.43.14,wells-private6-bad7df.ingress-daribow.ewp.live,1663795850,Phishstats
2620:0:890::100,winesonjanesonpublic.firebaseapp.com,1663795858,Phishstats
45.79.139.46,www.45-79-139-46.cprapid.com,1663795865,Phishstats
79.143.85.14,www.online.deny-auth12.com,1663795893,Phishstats
13.225.223.84,zf7qb2k6cytqxgo2ih7n2jt5mez52twtiif33ap4eiroe2ohnalq.arweave.net,1663795914,Phishstats
31.31.198.236,taysee-servis.ru,1663795917,Phishstats
63.250.43.9,wells-1-b9573a.ingress-baronn.ewp.live,1663795926,Phishstats
199.36.158.100,wellsfargoverification.firebaseapp.com,1663795927,Phishstats
66.235.200.171,www.gbwellnessspa.com,1663795956,Phishstats
20.29.74.146,zenithxr.co.vu,1663795971,Phishstats
186.64.119.85,ap.consulta.yape.aipinos.com,1663800485,Phishstats
199.36.158.100,facebook-help-contact-20264142.firebaseapp.com,1663800508,Phishstats
63.250.43.136,royal-b930c8.ingress-florina.ewp.live,1663805862,Phishstats
2620:0:890::100,adobe1-2536c.firebaseapp.com,1663805886,Phishstats
2620:0:890::100,adobe2-d56fa.firebaseapp.com,1663805887,Phishstats
2620:0:890::100,adobe1-2536c.web.app,1663805887,Phishstats
199.102.48.40,secureaccountsavedlogin2023.co.vu,1663805941,Phishstats
199.36.158.100,facebook-help-3030194675263030.firebaseapp.com,1663805954,Phishstats
2620:0:890::100,facebook-help-3030194675263030.web.app,1663805955,Phishstats
63.250.43.13,wells-private6-bad7df.ingress-daribow.ewp.live,1663806263,Phishstats
199.36.158.100,winesonjanesonpublic.firebaseapp.com,1663806267,Phishstats
2620:0:890::100,wellsfargoverification.firebaseapp.com,1663806294,Phishstats
34.149.204.188,x45v3v7c4564.activiodavive.repl.co,1663806308,Phishstats
162.241.218.166,vlbpo.com,1663822291,Phishstats
114.141.253.232,114.141.253.232,1663838284,Phishstats
185.206.144.67,elated-sutherland.185-206-144-67.plesk.page,1663838389,Phishstats
210.16.120.122,gzddsrgf.ml,1663838412,Phishstats
199.102.48.46,infoupdate16578945878545.co.vu,1663838443,Phishstats
129.232.213.115,caszim.co.zw,1663838576,Phishstats
2606:4700:3035::ac43:824f,servcers-kontenservices.com,1663838625,Phishstats
23.235.212.216,gruporeyher.com,1663838651,Phishstats
104.21.70.154,hghasean.com,1663838660,Phishstats
172.67.168.101,hghasean.com,1663838661,Phishstats
45.11.37.254,juvenilia-sidehills-tabulatory.s3.eu-central-003.backblazeb2.com,1663838703,Phishstats
216.250.254.212,kushtiapi.gov.bd,1663838711,Phishstats
104.21.12.83,maglceden-marketplace.io,1663838732,Phishstats
103.195.185.222,marketehub.braintraininfosolutions.com,1663838746,Phishstats
2620:0:890::100,meta-business-review-128792515.firebaseapp.com,1663838750,Phishstats
54.243.238.66,meta-desk-77566.herokuapp.com,1663838751,Phishstats
185.185.41.95,mygiftroster.com,1663838781,Phishstats
54.230.163.127,newportal.d2v0isfeb6mp9j.amplifyapp.com,1663838794,Phishstats
63.250.43.132,onlinesite-bb14fa.ingress-erytho.ewp.live,1663838805,Phishstats
63.250.43.133,onlinesite-bb14fa.ingress-erytho.ewp.live,1663838810,Phishstats
2800:6c0:2::122,plasticosps.com.ar,1663838839,Phishstats
2a02:4780:dead:ed47::1,portaleassistenzaconti.000webhostapp.com,1663838840,Phishstats
54.230.163.59,razdev.d1wxa1iclnuq8u.amplifyapp.com,1663838862,Phishstats
202.28.54.25,sci.dru.ac.th,1663838879,Phishstats
162.241.114.84,smbc-card.com.cedyna-cardbillingreport.com,1663838910,Phishstats
192.185.198.12,sweetlifevintagerentals.com,1663838963,Phishstats
63.250.43.6,vvfd3423-bc085f.ingress-comporellon.ewp.live,1663839183,Phishstats
204.16.169.54,www.mt-02c.ddns.ms,1663839218,Phishstats
172.67.165.55,www.unitec.com.my,1663839245,Phishstats
142.11.219.125,www.vutlthifrifr9b.ga,1663839250,Phishstats
52.206.101.45,zenith-defiant-suit.glitch.me,1663839252,Phishstats
104.21.77.246,www.iketrest.com,1663839326,Phishstats
185.206.144.67,zen-wright.185-206-144-67.plesk.page,1663839341,Phishstats
213.226.123.102,monsuiviperso.ddns.net,1663849404,Phishstats
161.97.101.64,societegenerale-relementation.sad-borg.161-97-101-64.plesk.page,1663849503,Phishstats
2606:4700:3033::6815:4df6,www.iketrest.com,1663849797,Phishstats
102.130.117.137,mokopanefm.co.za,1663854612,Phishstats
172.67.182.137,olx-pol-kxlsw2.rirong.top,1663854620,Phishstats
45.148.116.57,sfr-support-client.com,1663854668,Phishstats
184.168.116.155,www.skilltransform.com,1663854845,Phishstats
2606:4700:3033::ac43:8fc1,olx-pol-kxlsw2.esutejp.xyz,1663859802,Phishstats
172.67.183.7,olx-pol-kxlsw2.fanhu.top,1663859804,Phishstats
2606:4700:3037::6815:25fb,olx-pol-kxlsw2.nuoan.top,1663859807,Phishstats
69.49.244.31,arttherapymovie.com,1663876314,Phishstats
2001:8d8:100f:f000::26a,www.gerard-yves-riviere.online,1663876686,Phishstats
2606:50c0:8002::153,arvind9827.github.io,1663881656,Phishstats
185.199.108.153,bipsid.github.io,1663881670,Phishstats
2606:4700::6811:600d,cloudflare-ipfs.com,1663881694,Phishstats
2606:4700::6812:1f69,csv1v04.na1.hubspotlinks.com,1663881699,Phishstats
2606:4700:3031::ac43:b6f9,evamosquevamos.com,1663881727,Phishstats
110.238.127.235,fghwe803r4hfg0-whre-0fgvh-0whv-0wshjv-0jsd0vjh-0d.obs.ap-southeast-2.myhuaweicloud.com:443,1663881739,Phishstats
2a02:4780:dead:2a10::1,hgghythyjjyfhfhghfg.000webhostapp.com,1663881759,Phishstats
74.208.236.37,hhdiamond.com,1663881762,Phishstats
192.169.81.138,illumeenergiasolar.com.br,1663881772,Phishstats
141.255.162.206,mysnapchat.fr,1663881851,Phishstats
191.96.63.29,ommnb.tech,1663881879,Phishstats
198.38.90.44,onekestrel.com,1663881882,Phishstats
188.166.236.222,pannapas.com,1663881894,Phishstats
103.153.183.146,primorski-panterji.info,1663881922,Phishstats
2620:0:890::100,quote5555553.firebaseapp.com,1663881928,Phishstats
199.36.158.100,quuieyrt53654.firebaseapp.com,1663881931,Phishstats
34.125.118.189,safeclientauth07.com,1663881960,Phishstats
63.250.43.2,servicio-bc17ef.ingress-bonde.ewp.live,1663881982,Phishstats
63.250.43.1,servicio-bc17ef.ingress-bonde.ewp.live,1663881984,Phishstats
2a02:4780:b:853:0:2369:f629:1,syncrectifylive.com,1663882014,Phishstats
63.250.43.14,trackingparcel-bb2af1.ingress-daribow.ewp.live,1663882034,Phishstats
172.67.204.39,subscriber.gzyaqi8.com,1663882039,Phishstats
51.142.122.25,supporthuboa.duckdns.org,1663882048,Phishstats
179.43.156.149,web.ib.miizuhabunk-japan.enriettae.com,1663882171,Phishstats
190.123.44.162,web.ib.miizuhabunk-japan.loomfields.com,1663882174,Phishstats
190.123.44.163,web.ib.miizuhabunk-japan.tephense.com,1663882177,Phishstats
155.94.196.212,web.ib.mizahvbenks-m.com,1663882179,Phishstats
155.94.133.174,web.ib.mizuh0bank-co-jp.com,1663882187,Phishstats
155.94.170.228,web.ib.mizuhabunks-japan-cromwell.com,1663882190,Phishstats
79.143.85.14,www.online.deny-auth13.com,1663882215,Phishstats
51.142.122.25,www.supporthuboa.duckdns.org,1663882230,Phishstats
63.250.43.13,trackingparcel-bb2af1.ingress-daribow.ewp.live,1663882240,Phishstats
63.250.43.129,usship-bb6dd7.ingress-earth.ewp.live,1663882247,Phishstats
111.118.212.86,www.entrancebox.com,1663882273,Phishstats
69.49.234.252,www.gel.hardshipuniversity.org,1663882277,Phishstats
199.36.158.100,synchronisation03-1b705.firebaseapp.com,1663887094,Phishstats
199.36.158.100,synhronisation04.firebaseapp.com,1663887095,Phishstats
199.36.158.100,synhronisation04.web.app,1663887096,Phishstats
2620:0:890::100,tyccqgtzqh.web.app,1663887130,Phishstats
2620:0:890::100,ufyvngzfgr.firebaseapp.com,1663887131,Phishstats
2620:0:890::100,ufyvngzfgr.web.app,1663887132,Phishstats
2620:0:890::100,up593827-8573.firebaseapp.com,1663887133,Phishstats
199.36.158.100,up593827-8573.web.app,1663887134,Phishstats
208.91.199.152,www.malayaleebusiness.com,1663887252,Phishstats
198.55.102.104,wwwsmbc.hnwz6j.xyz,1663887255,Phishstats
198.55.102.104,wwwsmbc.k94nvl.xyz,1663887257,Phishstats
198.55.102.104,wwwsmbc.kp84e8.xyz,1663887259,Phishstats
198.55.102.104,wwwsmbc.l7wy3j.xyz,1663887260,Phishstats
2606:4700::6811:400e,bafybeiboq3o2k73byxrmx75hxhx7ma6pbbcbrjae5wrls22k65rt2kgg7e.ipfs.cf-ipfs.com,1663892430,Phishstats
2606:50c0:8001::153,bipsid.github.io,1663892440,Phishstats
199.36.158.100,facebook-help-40041784695404.firebaseapp.com,1663892607,Phishstats
199.36.158.100,facebook-help-40041784695404.web.app,1663892608,Phishstats
54.253.104.244,islandabudhabi.ae,1663892705,Phishstats
198.46.84.93,kosolutionsusa.com,1663892766,Phishstats
162.210.101.174,oxlade.com-privatephotos-onedrive-com.officefolds.ru,1663892883,Phishstats
34.149.204.188,php-web-server.065236.repl.co,1663892892,Phishstats
2620:0:890::100,quote5555553.web.app,1663892947,Phishstats
199.36.158.100,quuieyrt53654.web.app,1663892948,Phishstats
162.241.60.105,radiobrasilitalia.com.br,1663892957,Phishstats
202.144.192.123,rakutan-bask.org,1663892958,Phishstats
198.199.109.95,secure02-ustrack-nship-uservices.codeanyapp.com,1663893037,Phishstats
184.168.100.170,updatetrack.albestrack.com,1663893224,Phishstats
54.230.163.85,vine.d1uetqve32vkxf.amplifyapp.com,1663893298,Phishstats
162.210.101.174,www.oxlade.com-privatephotos-onedrive-com.officefolds.ru,1663893514,Phishstats
199.102.48.34,678543864helpsupport4368476.co.vu,1663897784,Phishstats
185.27.134.99,ibraibraa17.rf.gd,1663897800,Phishstats
204.152.210.35,rakuten.reuandhkus.com,1663897826,Phishstats
204.152.210.35,rakuten.shcikusaun.com,1663897829,Phishstats
204.152.210.35,rakuten.xonreungfop.com,1663897832,Phishstats
162.220.165.29,acessocx.3utilities.com,1663897836,Phishstats
155.94.169.223,login.miizuha-bunke.com,1663898260,Phishstats
34.149.204.188,macro-onlines.ecobelleza.repl.co,1663898276,Phishstats
190.123.45.205,web.ib.miizuhabunk-japan.armstronw.com,1663898585,Phishstats
155.94.138.166,web-ib-mizuhe-bank-co-jp.cyou,1663898601,Phishstats
155.94.163.55,web.iib.mizuhebanki-japan.com,1663898603,Phishstats
137.184.183.131,www.softbanki.jp,1663898605,Phishstats
67.222.155.50,exodus.com.merge.ismglobal.org,1663908463,Phishstats
67.222.155.50,exodus.com.merge.adnansohail.com,1663908544,Phishstats
67.222.155.50,exodus.com.merge.andreealazar.com,1663908546,Phishstats
103.178.174.211,exodus.com.merge.androponsel.com,1663908548,Phishstats
67.222.155.50,exodus.com.merge.incrediblestrikers.com,1663908550,Phishstats
103.178.174.211,exodus.com.merge.puskesmastabaatas.com,1663908553,Phishstats
67.222.155.50,exodus.com.merge.taleemo.com,1663908556,Phishstats
185.242.134.25,linkmps.eu,1663908578,Phishstats
2606:4700:3035::ac43:c43a,heilaninternational.com,1663919385,Phishstats
34.69.248.120,microsoft.authlogin0.com,1663924786,Phishstats
34.69.248.120,office.login.423030544b3144.com,1663924801,Phishstats
79.143.85.14,online.deny-auth13.com,1663924803,Phishstats
63.250.43.13,poliko-bc1d00.ingress-daribow.ewp.live,1663924809,Phishstats
63.250.43.10,avengers-fans-club-wed-director-b73bf2.ingress-baronn.ewp.live,1663924891,Phishstats
153.92.7.11,cgd-particulares.net,1663924953,Phishstats
35.204.150.5,citismartbanking.com,1663924963,Phishstats
67.227.236.164,compra-venta-casas.com,1663924982,Phishstats
116.0.20.85,emc.org.au,1663925032,Phishstats
2606:4700:3034::ac43:83af,gameboulder.com,1663925062,Phishstats
45.11.37.254,hbn2nxs.s3.eu-central-003.backblazeb2.com,1663925072,Phishstats
69.49.244.31,heritagekosh.com,1663925073,Phishstats
2606:4700:3037::ac43:a40b,magalfest.com,1663925160,Phishstats
34.69.248.120,microsoft.authlogin.app,1663925174,Phishstats
34.69.248.120,ms.authlogin0.com,1663925177,Phishstats
45.156.86.23,netflix-regularisation.fr,1663925184,Phishstats
167.99.205.51,northstreet.aw-stage.co.uk,1663925192,Phishstats
162.214.54.207,requireloginaccesspage-53rd.duckdns.org,1663925229,Phishstats
2606:4700:3035::6815:5734,sempreemdias.com,1663925279,Phishstats
161.97.101.64,societe.generale.synchroazer.com,1663925296,Phishstats
172.67.155.60,tagsauce.com,1663925337,Phishstats
192.185.198.123,thefinlab.com.au,1663925344,Phishstats
2606:4700:3031::ac43:d822,truongthinh.net,1663925360,Phishstats
46.173.215.200,user-tax-application28.com,1663925369,Phishstats
192.124.249.137,vgbuilding.com,1663925373,Phishstats
109.71.253.24,web8668.web07.bero-webspace.de,1663925497,Phishstats
179.43.156.149,web.ib.miizuhabunk-japan.armstronz.com,1663925500,Phishstats
190.123.44.163,web-miizuhabonk-japan-tephense.xyz,1663925502,Phishstats
2a02:4780:dead:3228::1,textbook-fireplug.000webhostapp.com,1663925556,Phishstats
31.31.198.215,u1788557.plsk.regruhosting.ru,1663925562,Phishstats
155.94.138.166,webb-mizuhobank-co-jp.com,1663925567,Phishstats
176.123.0.55,www.defibug.buzz,1663925583,Phishstats
66.219.22.175,zonaisha.com,1663925600,Phishstats
66.219.22.175,ZONAISHA.COM,1663925601,Phishstats
151.236.196.126,kos.apa.kz,1663930287,Phishstats
45.148.116.57,protection-sfr.fr,1663930306,Phishstats
45.148.116.57,sfr-protection.com,1663930331,Phishstats
35.155.7.183,marketplace-profile68418998.com,1663936158,Phishstats
192.254.234.174,www.dfwbimmers.com,1663936639,Phishstats
149.102.134.164,www.enflaquecemob.tk,1663936641,Phishstats
2606:4700:3031::6815:23d0,olx-pol-kxlsw2.adayroi.top,1663940921,Phishstats
2606:4700:3035::6815:3c84,olx-pol-kxlsw2.dazhikeji.top,1663940923,Phishstats
172.67.217.246,olx-pol-kxlsw2.dinle.live,1663940924,Phishstats
172.67.148.199,olx-pol-kxlsw2.eehx.xyz,1663940925,Phishstats
172.67.134.232,olx-pol-kxlsw2.glzav.top,1663940926,Phishstats
104.21.91.101,olx-pol-kxlsw2.hitpdf.top,1663940928,Phishstats
172.67.170.7,olx-pol-kxlsw2.mc20.top,1663940930,Phishstats
104.21.15.87,olx-pol-kxlsw2.mkbags.top,1663940932,Phishstats
2606:4700:3031::ac43:c551,olx-pol-kxlsw2.retweet.live,1663940937,Phishstats
2606:4700:3034::6815:1887,olx-pol-kxlsw2.sajam.xyz,1663940938,Phishstats
2606:4700:3030::6815:129c,olx-pol-kxlsw2.selalu.top,1663940939,Phishstats
2606:4700:3036::ac43:9372,olx-pol-kxlsw2.simbok.xyz,1663940943,Phishstats
2606:4700:3032::ac43:ab9e,olx-pol-kxlsw2.souqs.xyz,1663940943,Phishstats
2606:4700:3032::ac43:86f0,olx-pol-kxlsw2.spz24.top,1663940944,Phishstats
2606:4700:3036::ac43:8be5,olx-pol-kxlsw2.valtrex247.live,1663940945,Phishstats
192.254.149.187,irs.primeramfbank.com,1663940997,Phishstats
34.149.204.188,online.davidgoloso.repl.co,1663941029,Phishstats
217.160.0.90,spk-anmeldung-kundenservice.de,1663941066,Phishstats
34.149.204.188,extensionfalabe.peru09909.repl.co,1663951773,Phishstats
93.158.239.18,secure.oldschool.com-rs.cz,1663951828,Phishstats
93.158.239.18,secure.oldschool.com-v.cz,1663951831,Phishstats
93.158.239.18,secure.runescope.com-as.cz,1663951832,Phishstats
155.94.169.223,login.miizuha-bankes.com,1663957074,Phishstats
34.149.204.188,953842galiciaimportante034032.caro1313.repl.co,1663962699,Phishstats
34.149.204.188,bancon.bancorvirtual.repl.co,1663962711,Phishstats
142.251.35.174,docs.google.com,1663962748,Phishstats
2001:19f0:0:22::100,ewr1.vultrobjects.com,1663962764,Phishstats
34.149.204.188,gali1cihomm.alennfire19.repl.co,1663962772,Phishstats
34.149.204.188,galixiciiscderewtrew.galicionarbanki.repl.co,1663962778,Phishstats
34.149.204.188,itauxmx.repl.co,1663962791,Phishstats
34.149.204.188,linea20208725.centro200202265.repl.co,1663962812,Phishstats
104.21.1.102,magic-eden-io-sol.com,1663962815,Phishstats
91.227.138.47,nxt12500.nextadmin.hu,1663962829,Phishstats
34.149.204.188,onlineverifyaacount55543.officeonline.repl.co,1663962842,Phishstats
34.149.204.188,parallelnewblockchain.ssbancogalicia.repl.co,1663962844,Phishstats
34.149.204.188,seguridadonlinegalicia.estrret56.repl.co,1663962874,Phishstats
34.149.204.188,uselessradiantuserinterface.rebaking403.repl.co,1663962893,Phishstats
179.43.156.149,web.ib.mizuhebank.japan-updates.cyou,1663963013,Phishstats
155.94.196.212,web.ib.mzhuhabgenk.top,1663963014,Phishstats
155.94.196.212,web.ib.mziuhabgnke.com,1663963015,Phishstats
104.21.82.194,xn--home-magicedn-cess-vsb.com,1663963136,Phishstats
2620:0:890::100,business-appeal-verify1875812.web.app,1663967896,Phishstats
2620:0:890::100,jdzbjctlgt.firebaseapp.com,1663967996,Phishstats
199.36.158.100,jdzbjctlgt.web.app,1663967998,Phishstats
2620:0:890::100,o2-billing.firebaseapp.com,1663968058,Phishstats
2620:0:890::100,o2-billing.web.app,1663968059,Phishstats
2a06:6440:0:2d9b::1,puppo.com.ua,1663968097,Phishstats
2620:0:890::100,quotrwe66637.firebaseapp.com,1663968111,Phishstats
52.217.129.152,s3.amazonaws.com,1663968130,Phishstats
63.250.43.132,santa-2-ba9a1b.ingress-erytho.ewp.live,1663968131,Phishstats
2620:0:890::100,signhunton.firebaseapp.com,1663968159,Phishstats
199.36.158.100,signhunton.web.app,1663968159,Phishstats
199.36.158.100,up5281773-22.firebaseapp.com,1663968182,Phishstats
2620:0:890::100,up5281773-22.web.app,1663968183,Phishstats
2620:0:890::100,verify-3mtb.firebaseapp.com,1663968192,Phishstats
2620:0:890::100,verify-3mtb.web.app,1663968193,Phishstats
199.36.158.100,web093938-233.firebaseapp.com,1663968351,Phishstats
155.94.164.72,web.ib.miizuha-bunknbest.com,1663968353,Phishstats
67.212.189.210,www.m.marketplace.linexattorneys.com,1663968522,Phishstats
155.94.174.131,login.miizuha-bunkes.com,1663979028,Phishstats
115.144.69.112,omg.aujbx.com,1663979191,Phishstats
2607:f8b0:4006:820::200e,play.google.com,1663979226,Phishstats
199.36.158.100,quotrwe66637.web.app,1663979260,Phishstats
179.43.156.149,web.ib.mizuhebank.japan-confirms.cyou,1663979544,Phishstats
192.161.165.213,web.ib.mizuhebank.japan-lives.cyou,1663979547,Phishstats
155.94.133.163,web.ib.mizuhebank.japan-solos.top,1663979550,Phishstats
50.115.173.77,www2-etc.maisei.taxesv.com,1663979575,Phishstats
155.94.201.40,web-ib.mizuhobanki-co-jp.info,1663979674,Phishstats
155.94.138.166,web-ib-mizuhobanko-co-jp.cyou,1663979676,Phishstats
202.144.192.123,mizuha-bask-co-jp.org,1663984706,Phishstats
155.94.133.163,web.ib.mizuha.bunks-japan.top,1663984860,Phishstats
107.150.6.191,web.ib.mizuhebank.japan-cools.cyou,1663984861,Phishstats
104.21.39.30,www.mlzuhobank.asia,1664005862,Phishstats
162.222.227.163,countryfresh.com.bd,1664011077,Phishstats
104.17.123.55,advisory-narrative-notion-moisture.trycloudflare.com,1664011167,Phishstats
94.103.188.42,akhs.online,1664011171,Phishstats
46.101.47.99,amrcafrst.live,1664011203,Phishstats
145.14.145.191,attiva-protezione.000webhostapp.com,1664011209,Phishstats
63.250.43.5,fifth3rd-ba5cc3.ingress-comporellon.ewp.live,1664011331,Phishstats
23.254.226.177,kyc-metamask-consensys.c1911585.ferozo.com,1664011406,Phishstats
63.250.43.128,mt-1-b944c9.ingress-earth.ewp.live,1664011439,Phishstats
208.109.29.226,mybnbnow.com,1664011442,Phishstats
95.161.129.164,mysan-prevent.info,1664011444,Phishstats
2606:4700:3031::ac43:8bbc,netfelizmesfamilia.com,1664011447,Phishstats
194.63.143.61,netflixsubscribe.3kfepd031gjg.top,1664011451,Phishstats
162.244.81.164,ng1ep2e8ibuashobfbu37r30pk22cjm9sr6c2ueil089n22pia5cc6o.siasky.net,1664011453,Phishstats
108.139.47.92,protonew.d28y96ceoz9pjb.amplifyapp.com,1664011486,Phishstats
131.72.236.88,ricardoparra.cl,1664011509,Phishstats
34.149.204.188,scratchynicebootstrapping94944.niembien.repl.co,1664011524,Phishstats
38.242.215.87,semprefazendotudo.com,1664011537,Phishstats
63.250.43.6,site-bbe574.ingress-comporellon.ewp.live,1664011549,Phishstats
63.250.43.5,site-bbe574.ingress-comporellon.ewp.live,1664011550,Phishstats
3.10.221.44,sso.csob.smartbanking-klient-1017767931.sk.expertwc.com,1664011608,Phishstats
3.10.221.44,sso.csob.smartbanking-klient-1883490651.sk.expertwc.com,1664011640,Phishstats
3.10.221.44,sso.csob.smartbanking-klient-594757216.sk.expertwc.com,1664011684,Phishstats
185.149.120.49,steamcommunitluy.com,1664011688,Phishstats
155.94.133.163,web1.ib.mizuhebanks.japans-cartma.top,1664011832,Phishstats
179.43.156.149,web.id.mizuhebank.japan-lifes.cyou,1664011834,Phishstats
162.241.219.134,westernfarmfresh.com,1664011836,Phishstats
2606:4700:3032::ac43:c716,www.check-items.com,1664011851,Phishstats
185.87.249.135,www.goedemorgenontbijtservice.com,1664011863,Phishstats
2606:4700:3035::ac43:8257,www.shopaflorchaco.com,1664011868,Phishstats
2606:4700:3036::6815:3d3,www.shopbivichaco.com,1664011869,Phishstats
176.53.94.114,yolunu.com,1664011887,Phishstats
8.213.137.69,www.amazonco02.com,1664011922,Phishstats
34.136.77.170,www.complianceassistance.us,1664011950,Phishstats
104.219.248.112,www.fosterronline.com,1664011962,Phishstats
155.94.134.209,www.notification-service.cc,1664011977,Phishstats
104.21.3.211,www.shopbivichaco.com,1664011981,Phishstats
2a00:f940:2:2:1:1:0:239,www.sreamcornrnunlty.org,1664011993,Phishstats
20.168.117.253,bxmcxllfigen.net,1664022532,Phishstats
172.67.139.188,netfelizmesfamilia.com,1664022603,Phishstats
108.139.47.111,protonew.d28y96ceoz9pjb.amplifyapp.com,1664022616,Phishstats
142.11.193.43,www.westpaconsult-pdf-doc.gq,1664022927,Phishstats
