domain,ioc,uri_path,timestamp,source
020.57thandnormal.com,Possible Cobalt Strike C2 Fronting Domain,/css/jquery.min.js,1671263157,C2IntelFeeds
020.aheryngrant.com,Possible Cobalt Strike C2 Fronting Domain,/css/jquery.min.js,1671263157,C2IntelFeeds
030819300e15f304.azureedge.net,Possible Cobalt Strike C2 Domain,/safebrowsing/Pa8S/K2Mx51yhJgLxBe7hD6QHIaD5sCvOP-NyDYGY0t,1671263157,C2IntelFeeds
090c-107-161-86-143.eu.ngrok.io,Possible Cobalt Strike C2 Domain,/jquery-3.3.1.min.js,1671263157,C2IntelFeeds
2022.gx.hvv.gxhw.work,Possible Cobalt Strike C2 Domain,/dpixel,1671263157,C2IntelFeeds
31c6.com,Possible Cobalt Strike C2 Fronted Domain,/center/update.js,1671263157,C2IntelFeeds
32fbd920b2262597.azureedge.net,Possible Cobalt Strike C2 Domain,/safebrowsing/Zt5k-xH/3T5bWSuP5I-YBjhB2HlQbyLrV,1671263157,C2IntelFeeds
360safeupdate.com,Possible Cobalt Strike C2 Domain,/match,1671263157,C2IntelFeeds
360se.line.pm,Possible Cobalt Strike C2 Fronted Domain,/jquery-3.3.1.min.js,1671263157,C2IntelFeeds
360se.publicvm.com,Possible Cobalt Strike C2 Fronted Domain,/jquery-3.3.1.min.js,1671263157,C2IntelFeeds
7539656bb8ee425c.azureedge.net,Possible Cobalt Strike C2 Domain,/safebrowsing/EtyXh/VkbOMey2MLXKisLOygqYQ,1671263157,C2IntelFeeds
754xneyq.slt.sched.intlsdcn.com,Possible Cobalt Strike C2 Fronting Domain,/jquery-3.3.1.min.js,1671263157,C2IntelFeeds
93b7-204-44-112-14.jp.ngrok.io,Possible Cobalt Strike C2 Domain,/jquery-3.3.1.min.js,1671263157,C2IntelFeeds
97b3807e724b5ab8.azureedge.net,Possible Cobalt Strike C2 Domain,/safebrowsing/y98WTyG/shdDNyV1MdHzVAwgHHOM246nUFGTPWR5,1671263157,C2IntelFeeds
GeotyPico.com,Possible Cobalt Strike C2 Fronted Domain,/safebrowsing/d5pERENa/PnpJkYMYtUJziWuAS0icoN,1671263157,C2IntelFeeds
aaawwsqa.freemyip.com,Possible Cobalt Strike C2 Domain,/jquery-3.3.1.min.js,1671263157,C2IntelFeeds
adobe.com,Possible Cobalt Strike C2 Fronting Domain,/ru_RU/index.html,1671263157,C2IntelFeeds
adobetmcdn.net,Possible Cobalt Strike C2 Fronted Domain,/ru_RU/index.html,1671263157,C2IntelFeeds
agazud.com,Possible Cobalt Strike C2 Domain,/jquery-3.3.1.min.js,1671263157,C2IntelFeeds
agent.absolutestable.com,Possible Cobalt Strike C2 Domain,/jquery-3.3.1.min.js,1671263157,C2IntelFeeds
aksaholdings.com,Possible Cobalt Strike C2 Domain,/s/ref=nb_sb_noss_1/235-83634900-1914418/field-keywords=place,1671263157,C2IntelFeeds
alfuhin.com,Possible Cobalt Strike C2 Domain,/async/ddljson,1671263157,C2IntelFeeds
alfuhin.com,Possible Cobalt Strike C2 Domain,/async/newtab_ogb,1671263157,C2IntelFeeds
altocdn.online,Possible Cobalt Strike C2 Domain,/owa/,1671263157,C2IntelFeeds
altocloudzone.live,Possible Cobalt Strike C2 Fronted Domain,/oscp/,1671263157,C2IntelFeeds
alwaysasusual.com,Possible Cobalt Strike C2 Domain,/fr.css,1671263157,C2IntelFeeds
alwaysasusual.com,Possible Cobalt Strike C2 Domain,/ur.html,1671263157,C2IntelFeeds
alwaysasusual.com,Possible Cobalt Strike C2 Fronting Domain,/links.css,1671263157,C2IntelFeeds
alwaysasusual.com,Possible Cobalt Strike C2 Fronting Domain,/mt.html,1671263157,C2IntelFeeds
alwaysasusual.com,Possible Cobalt Strike C2 Fronting Domain,/ur.html,1671263157,C2IntelFeeds
america.azurewebsites.net,Possible Cobalt Strike C2 Domain,/search,1671263157,C2IntelFeeds
americanfox.win,Possible Cobalt Strike C2 Domain,/www/handle/doc,1671263157,C2IntelFeeds
api.gofileweb.cf,Possible Cobalt Strike C2 Domain,/api/user,1671263157,C2IntelFeeds
api.map.ahrtv.cn,Possible Cobalt Strike C2 Domain,/qianxinniubi666,1671263157,C2IntelFeeds
api.usa-cia.com,Possible Cobalt Strike C2 Domain,/jquery-3.3.1.min.js,1671263157,C2IntelFeeds
as.conhoosst.com,Possible Cobalt Strike C2 Domain,/nv.html,1671263157,C2IntelFeeds
as.stakcl.com,Possible Cobalt Strike C2 Domain,/bg,1671263157,C2IntelFeeds
as.svcchcost.com,Possible Cobalt Strike C2 Domain,/Forums.css,1671263157,C2IntelFeeds
as.svhostt.com,Possible Cobalt Strike C2 Domain,/extension,1671263157,C2IntelFeeds
asasyz.com,Possible Cobalt Strike C2 Domain,/jquery-3.3.1.min.js,1671263157,C2IntelFeeds
attlasian.wiki,Possible Cobalt Strike C2 Domain,/api/3,1671263157,C2IntelFeeds
auth.career.huawei.com,Possible Cobalt Strike C2 Fronting Domain,/jquery-3.3.1.easing.min.js,1671263157,C2IntelFeeds
b56e67619f23d34d.azureedge.net,Possible Cobalt Strike C2 Domain,/safebrowsing/pRchI/BlZif9f1myD-NXBcOgQ4xzBvNF,1671263157,C2IntelFeeds
b7c4f7088ba5a0ab.azureedge.net,Possible Cobalt Strike C2 Domain,/safebrowsing/8QzN/DKipAuwlmrQKhtzfztVmYmNyDqLcDz,1671263157,C2IntelFeeds
ba1cf5a1b0bc2f2d.azureedge.net,Possible Cobalt Strike C2 Domain,/safebrowsing/Zt5k-xH/3T5bWSuP5I-YBjhB2HlQbyLrV,1671263157,C2IntelFeeds
backend.msndla.com,Possible Cobalt Strike C2 Fronted Domain,/owa/,1671263157,C2IntelFeeds
bc46l49k.slt.sched.intlscdn.com,Possible Cobalt Strike C2 Fronted Domain,/jquery-3.3.1.min.js,1671263157,C2IntelFeeds
bf015384de8ed729.azureedge.net,Possible Cobalt Strike C2 Domain,/safebrowsing/qFtlIQJ/PW6c8E2lsp6FJmx89QBbVOYHBl6W,1671263157,C2IntelFeeds
bin.hik.icu,Possible Cobalt Strike C2 Domain,/ca,1671263157,C2IntelFeeds
bin.hik.icu,Possible Cobalt Strike C2 Domain,/cx,1671263157,C2IntelFeeds
bin.hik.icu,Possible Cobalt Strike C2 Domain,/en_US/all.js,1671263157,C2IntelFeeds
bin.hik.icu,Possible Cobalt Strike C2 Domain,/g.pixel,1671263157,C2IntelFeeds
bingobangobongobishbashbosh.xyz,Possible Cobalt Strike C2 Domain,/ki.js,1671263157,C2IntelFeeds
bitwisesec.nl,Possible Cobalt Strike C2 Domain,/ga.js,1671263157,C2IntelFeeds
blogs.raspberryip.com,Possible Cobalt Strike C2 Domain,/data/web-includes/2022/09/blog2.php,1671263157,C2IntelFeeds
br.claughs.ga,Possible Cobalt Strike C2 Domain,/api/3,1671263157,C2IntelFeeds
br.claughs.ga,Possible Cobalt Strike C2 Fronting Domain,/api/3,1671263157,C2IntelFeeds
bradleysair.com,Possible Cobalt Strike C2 Domain,/af,1671263157,C2IntelFeeds
bradleysair.com,Possible Cobalt Strike C2 Domain,/r-arrow,1671263157,C2IntelFeeds
bradleysair.com,Possible Cobalt Strike C2 Fronting Domain,/FAQ,1671263157,C2IntelFeeds
bradleysair.com,Possible Cobalt Strike C2 Fronting Domain,/r-arrow,1671263157,C2IntelFeeds
bthserv.com,Possible Cobalt Strike C2 Domain,/dam,1671263157,C2IntelFeeds
bthserv.com,Possible Cobalt Strike C2 Domain,/excuse,1671263157,C2IntelFeeds
bthserv.com,Possible Cobalt Strike C2 Domain,/fixed,1671263157,C2IntelFeeds
buy-smart-home.com,Possible Cobalt Strike C2 Domain,/Explode/v9.46/6XA443OHVHK9,1671263157,C2IntelFeeds
c-c-backelmjyx.cn-hangzhou.fcapp.run,Possible Cobalt Strike C2 Domain,/developer-server/online/_next/static/css,1671263157,C2IntelFeeds
c2.maccc.xyz,Possible Cobalt Strike C2 Domain,/common.js,1671263157,C2IntelFeeds
c90a-104-223-103-72.ngrok.io,Possible Cobalt Strike C2 Domain,/jquery-3.3.1.min.js,1671263157,C2IntelFeeds
callback.22-709.sg1cloud.com,Possible Cobalt Strike C2 Domain,/en-us/store/api/checkproductinwishlist,1671263157,C2IntelFeeds
cc.emergency-coms.com,Possible PoshC2 Fronting Domain,/wpaas/load.php/,1671263157,C2IntelFeeds
ccce.best,Possible Cobalt Strike C2 Domain,/api/3,1671263157,C2IntelFeeds
cdn-file.joyfartech.com,Possible Cobalt Strike C2 Fronted Domain,/dist/css/bootstrap.min.css,1671263157,C2IntelFeeds
cdn-file.midiwo.com,Possible Cobalt Strike C2 Fronted Domain,/dist/css/bootstrap.min.css,1671263157,C2IntelFeeds
cdn.jquerycodes.com,Possible Cobalt Strike C2 Domain,/jquery-3.3.1.min.js,1671263157,C2IntelFeeds
cdn.whereismyip.tk,Possible Cobalt Strike C2 Domain,/jquery-3.3.1.min.js,1671263157,C2IntelFeeds
cdn.xiaojingjingaihuifeng.xyz,Possible Cobalt Strike C2 Domain,/image/,1671263157,C2IntelFeeds
cdn2.whereismyip.cf,Possible Cobalt Strike C2 Domain,/jquery-3.3.1.min.js,1671263157,C2IntelFeeds
cdnjs.cloudflare.ovh,Possible Cobalt Strike C2 Domain,/jquery-3.3.1.min.js,1671263157,C2IntelFeeds
cegusiju.com,Possible Cobalt Strike C2 Domain,/Construct/header/SUGDIGQ22,1671263157,C2IntelFeeds
certindia.cf,Possible Cobalt Strike C2 Domain,/updates,1671263157,C2IntelFeeds
cf.nio-china.ml,Possible Cobalt Strike C2 Domain,/updates.rss,1671263157,C2IntelFeeds
cfupdates.huahuapr0xy.workers.dev,Possible Cobalt Strike C2 Domain,/async/newtab_promos,1671263157,C2IntelFeeds
charismaticilok.com,Possible Cobalt Strike C2 Domain,/jquery-3.5.1.min.js,1671263157,C2IntelFeeds
checkout-torders.com,Possible Cobalt Strike C2 Domain,/stop/writing/NY6LY60U,1671263157,C2IntelFeeds
chromeupdatedaily.dns.army,Possible Cobalt Strike C2 Domain,/IE9CompatViewList.xml,1671263157,C2IntelFeeds
chromeupdatedaily.dns.army,Possible Cobalt Strike C2 Domain,/updates.rss,1671263157,C2IntelFeeds
cliclicker.com,Possible Cobalt Strike C2 Domain,/ce,1671263157,C2IntelFeeds
cliclicker.com,Possible Cobalt Strike C2 Domain,/eso,1671263157,C2IntelFeeds
cliclicker.com,Possible Cobalt Strike C2 Fronting Domain,/ce,1671263157,C2IntelFeeds
cliclicker.com,Possible Cobalt Strike C2 Fronting Domain,/eso,1671263157,C2IntelFeeds
cliclicker.com,Possible Cobalt Strike C2 Fronting Domain,/mk,1671263157,C2IntelFeeds
cobaltstrike.wsywddr.com,Possible Cobalt Strike C2 Domain,/__utm.gif,1671263157,C2IntelFeeds
cognizantpayroll.com,Possible Cobalt Strike C2 Domain,/pixel.gif,1671263157,C2IntelFeeds
configlive.work.gd,Possible Cobalt Strike C2 Domain,/design/modem/Q2BN7DY75TA,1671263157,C2IntelFeeds
counterforce.cc,Possible Cobalt Strike C2 Domain,/__utm.gif,1671263157,C2IntelFeeds
covesopi.com,Possible Cobalt Strike C2 Domain,/Start/v2.92/GKGFF6PFZ,1671263157,C2IntelFeeds
credit-assist.azurewebsites.net,Possible Cobalt Strike C2 Domain,/api/s/ref=nb_sb_noss_1/167-3294888-0262949/field-keywords=books,1671263157,C2IntelFeeds
cs.amapleleaf.com,Possible Cobalt Strike C2 Fronted Domain,/5eN1bjq8AAUYm2zgoY3K/ll_9354efa.js,1671263157,C2IntelFeeds
cs.d.hik.icu,Possible Cobalt Strike C2 Domain,/ca,1671263157,C2IntelFeeds
cs.d.hik.icu,Possible Cobalt Strike C2 Domain,/push,1671263157,C2IntelFeeds
cs.dabiaoge.eu.org,Possible Cobalt Strike C2 Domain,/image/,1671263157,C2IntelFeeds
cs.dabiaoge.eu.org,Possible Cobalt Strike C2 Fronting Domain,/image/,1671263157,C2IntelFeeds
cs.imalloc.cn,Possible Cobalt Strike C2 Domain,/media.html,1671263157,C2IntelFeeds
cs.pen28sja1.tk,Possible Cobalt Strike C2 Domain,/en_US/all.js,1671263157,C2IntelFeeds
cs.qaxc2.xyz,Possible Cobalt Strike C2 Domain,/cx,1671263157,C2IntelFeeds
cs45.ddns.net,Possible Cobalt Strike C2 Domain,/fwlink,1671263157,C2IntelFeeds
csokk.b0.aicdn.com,Possible Cobalt Strike C2 Fronted Domain,/s/ref=nb_sb_noss_1/167-3294888-0262949/field-keywords=books,1671263157,C2IntelFeeds
cstest20221119.ddnsfree.com,Possible Cobalt Strike C2 Domain,/cm,1671263157,C2IntelFeeds
cstest20221123.ddnsfree.com,Possible Cobalt Strike C2 Domain,/jquery-3.3.1.min.js,1671263157,C2IntelFeeds
cstest20221126.ddnsfree.com,Possible Cobalt Strike C2 Domain,/dynu-3.3.1.min.js,1671263157,C2IntelFeeds
cumarareji.com,Possible Cobalt Strike C2 Fronted Domain,/styles,1671263157,C2IntelFeeds
cvfkdot.com,Possible Cobalt Strike C2 Domain,/grip.jpg,1671263157,C2IntelFeeds
d18zggy15po6au.cloudfront.net,Possible Cobalt Strike C2 Domain,/safebrowsing/qFtlIQJ/PW6c8E2lsp6FJmx89QBbVOYHBl6W,1671263157,C2IntelFeeds
d1cwvhon6x1wd.cloudfront.net,Possible Cobalt Strike C2 Fronted Domain,/s/ref=nb_sb_noss_1/167-3294888-0262949/field-keywords=books,1671263157,C2IntelFeeds
d1h8du33hyb4st.cloudfront.net,Possible Cobalt Strike C2 Domain,/safebrowsing/EtyXh/VkbOMey2MLXKisLOygqYQ,1671263157,C2IntelFeeds
d1jgl0ynvyddya.cloudfront.net,Possible Cobalt Strike C2 Domain,/safebrowsing/fp/Q6wi29xYH0gsRSIeIgVpy0,1671263157,C2IntelFeeds
d1jhkwbbq0yo0s.cloudfront.net,Possible Cobalt Strike C2 Domain,/access/,1671263157,C2IntelFeeds
d1kke0jic7qnnq.cloudfront.net,Possible Cobalt Strike C2 Domain,/safebrowsing/y98WTyG/shdDNyV1MdHzVAwgHHOM246nUFGTPWR5,1671263157,C2IntelFeeds
d1rlov10twpokb.cloudfront.net,Possible Cobalt Strike C2 Domain,/tab_home_active,1671263157,C2IntelFeeds
d232xh9rapx5ux.cloudfront.net,Possible Cobalt Strike C2 Domain,/page.jsp,1671263157,C2IntelFeeds
d23497a4qog89t.cloudfront.net,Possible Cobalt Strike C2 Domain,/safebrowsing/GHWBjY/4TucZcEs1z-MTAP8lYhmZFvTIpW,1671263157,C2IntelFeeds
d2gtzq6vrs67vv.cloudfront.net,Possible Cobalt Strike C2 Domain,/wc/58462514417,1671263157,C2IntelFeeds
d2idc6pw30xvpl.cloudfront.net,Possible Cobalt Strike C2 Domain,/s/ref=nb_sb_noss_1/167-3294888-026249/field-keywords=year,1671263157,C2IntelFeeds
d2xoknzblbbhrj.cloudfront.net,Possible Cobalt Strike C2 Domain,/jquery-3.3.1.min.js,1671263157,C2IntelFeeds
d30a2o6zg7ra9b.cloudfront.net,Possible Cobalt Strike C2 Domain,/cs.html,1671263157,C2IntelFeeds
d31233e2b4var3.cloudfront.net,Possible Cobalt Strike C2 Domain,/s/ref=nb_sb_noss_1/167-3294888-0262949/field-keywords=books,1671263157,C2IntelFeeds
d31233e2b4var3.cloudfront.net,Possible Cobalt Strike C2 Fronting Domain,/s/ref=nb_sb_noss_1/167-3294888-0262949/field-keywords=books,1671263157,C2IntelFeeds
d31d5l2iytwa0a.cloudfront.net,Possible Cobalt Strike C2 Domain,/safebrowsing/y98WTyG/shdDNyV1MdHzVAwgHHOM246nUFGTPWR5,1671263157,C2IntelFeeds
d35m80no9t3tdq.cloudfront.net,Possible Cobalt Strike C2 Domain,/safebrowsing/qFtlIQJ/PW6c8E2lsp6FJmx89QBbVOYHBl6W,1671263157,C2IntelFeeds
d38honi7aj379m.cloudfront.net,Possible Cobalt Strike C2 Domain,/s/ref=nb_sb_noss_1/167-3294888-026249/field-keywords=year,1671263157,C2IntelFeeds
d39cp68dh0b83l.cloudfront.net,Possible Cobalt Strike C2 Domain,/an.css,1671263157,C2IntelFeeds
d39w0kom5uu14t.cloudfront.net,Possible Cobalt Strike C2 Domain,/en,1671263157,C2IntelFeeds
d39xdpuquwylbr.cloudfront.net,Possible Cobalt Strike C2 Domain,/safebrowsing/8QzN/DKipAuwlmrQKhtzfztVmYmNyDqLcDz,1671263157,C2IntelFeeds
d3cjfvbj2wtj5n.cloudfront.net,Possible Cobalt Strike C2 Domain,/br.html,1671263157,C2IntelFeeds
d3ktcnc1w6pd1f.cloudfront.net,Possible Cobalt Strike C2 Domain,/pixel.gif,1671263157,C2IntelFeeds
d3ohegbhmr1ge5.cloudfront.net,Possible Cobalt Strike C2 Domain,/safebrowsing/lk3z9t43O/pJ-SrYh5vdmTWGhX9FfdNxd1MgrtHuGiAZFhMAd,1671263157,C2IntelFeeds
d3pa7i465rtx1n.cloudfront.net,Possible Cobalt Strike C2 Domain,/an.css,1671263157,C2IntelFeeds
d3pmim5jrw99ng.cloudfront.net,Possible Cobalt Strike C2 Domain,/safebrowsing/pRchI/BlZif9f1myD-NXBcOgQ4xzBvNF,1671263157,C2IntelFeeds
d3puyq77yh5af4.cloudfront.net,Possible Cobalt Strike C2 Domain,/safebrowsing/EtyXh/VkbOMey2MLXKisLOygqYQ,1671263157,C2IntelFeeds
d3srkrakbq8l1j.cloudfront.net,Possible Cobalt Strike C2 Domain,/safebrowsing/Zt5k-xH/3T5bWSuP5I-YBjhB2HlQbyLrV,1671263157,C2IntelFeeds
d3tppwmneng69u.cloudfront.net,Possible Cobalt Strike C2 Domain,/safebrowsing/8QzN/DKipAuwlmrQKhtzfztVmYmNyDqLcDz,1671263157,C2IntelFeeds
d3tvb39b48238f.cloudfront.net,Possible Cobalt Strike C2 Domain,/safebrowsing/pRchI/BlZif9f1myD-NXBcOgQ4xzBvNF,1671263157,C2IntelFeeds
d4q9uu68sapym.cloudfront.net,Possible Cobalt Strike C2 Domain,/safebrowsing/Pa8S/K2Mx51yhJgLxBe7hD6QHIaD5sCvOP-NyDYGY0t,1671263157,C2IntelFeeds
d58y3i8g62axh.cloudfront.net,Possible Cobalt Strike C2 Domain,/en,1671263157,C2IntelFeeds
danamon.my.id,Possible Cobalt Strike C2 Domain,/jquery-3.3.1.min.js,1671263157,C2IntelFeeds
danger.kasperslkyupdates.com,Possible Cobalt Strike C2 Domain,/disable/ask/ZS35XL9F3,1671263157,C2IntelFeeds
dash.bbcinternationalnews.com,Possible Cobalt Strike C2 Domain,/owa/ZA8T7tCWUqxk0xr5g8tqU7dMwNP5It5ebQtgDh,1671263157,C2IntelFeeds
dchu2u.com,Possible Cobalt Strike C2 Domain,/jquery-3.3.1.min.js,1671263157,C2IntelFeeds
defend.rapidfinact.com,Possible Cobalt Strike C2 Domain,/contact/v5.74/ISNBCWPYQZP,1671263157,C2IntelFeeds
desktoputilityservice.org,Possible Cobalt Strike C2 Domain,/af,1671263157,C2IntelFeeds
desktoputilityservice.org,Possible Cobalt Strike C2 Domain,/bn,1671263157,C2IntelFeeds
dev.msndla.com,Possible Cobalt Strike C2 Fronted Domain,/owa/,1671263157,C2IntelFeeds
deyanggov.cf,Possible Cobalt Strike C2 Domain,/visit.js,1671263157,C2IntelFeeds
dh7lqnms5dfd.cloudfront.net,Possible Cobalt Strike C2 Domain,/s/ref=nb_sb_noas_1/167-3239818-0262949/field-keywords=items,1671263157,C2IntelFeeds
dijugeki.com,Possible Cobalt Strike C2 Fronted Domain,/FAQ.css,1671263157,C2IntelFeeds
disinobaw.com,Possible Cobalt Strike C2 Fronted Domain,/remove.css,1671263157,C2IntelFeeds
dl.kip9.co,Possible Cobalt Strike C2 Domain,/activity,1671263157,C2IntelFeeds
dllhost.ddnsfree.com,Possible Cobalt Strike C2 Domain,/dynu-3.3.1.min.js,1671263157,C2IntelFeeds
dmpoz6fc4vlq5.cloudfront.net,Possible Cobalt Strike C2 Domain,/safebrowsing/lk3z9t43O/pJ-SrYh5vdmTWGhX9FfdNxd1MgrtHuGiAZFhMAd,1671263157,C2IntelFeeds
dns.adspay.io,Possible Cobalt Strike C2 Domain,/jquary-3.3.1.min.js,1671263157,C2IntelFeeds
dns17.codeaddon.net,Possible Cobalt Strike C2 Domain,/owa/klU1WHAevO2ntyKJx8YmEZya0W5X0nh,1671263157,C2IntelFeeds
dnsupdatecheck.com,Possible Cobalt Strike C2 Domain,/Latest/v9.10/ID0QOECD,1671263157,C2IntelFeeds
dobo78a5jztmu.cloudfront.net,Possible Cobalt Strike C2 Domain,/match,1671263157,C2IntelFeeds
download-c-retail.huawei.com,Possible Cobalt Strike C2 Fronted Domain,/api/v2/login,1671263157,C2IntelFeeds
download.localhost-microsoft.com,Possible Cobalt Strike C2 Domain,/dpixel,1671263157,C2IntelFeeds
download.micsoft365.online,Possible Cobalt Strike C2 Domain,/5eN1bjq8AAUYm2zgoY3K/ll_9354efa.js,1671263157,C2IntelFeeds
dpoint.danamon.my.id,Possible Cobalt Strike C2 Domain,/jquery-3.3.1.min.js,1671263157,C2IntelFeeds
dqfkmwvib0lbb.cloudfront.net,Possible Cobalt Strike C2 Domain,/access/,1671263157,C2IntelFeeds
ds1w2qxuwtlvx.cloudfront.net,Possible Cobalt Strike C2 Domain,/safebrowsing/GHWBjY/4TucZcEs1z-MTAP8lYhmZFvTIpW,1671263157,C2IntelFeeds
dynamics.microsoft.com,Possible Cobalt Strike C2 Fronting Domain,/audiencemanager.js,1671263157,C2IntelFeeds
e.17500.cn,Possible Cobalt Strike C2 Fronted Domain,/dist/css/bootstrap.min.css,1671263157,C2IntelFeeds
e505772e-a4eb-11ec-b909-0242ac120002.opensearch.xyz,Possible Cobalt Strike C2 Domain,/_/scs/mail-static/_/js/,1671263157,C2IntelFeeds
ec2-cs01-verify.ossaliyun.info,Possible Cobalt Strike C2 Domain,/activity,1671263157,C2IntelFeeds
ee5d7fe3deb1e6b9.azureedge.net,Possible Cobalt Strike C2 Domain,/safebrowsing/GHWBjY/4TucZcEs1z-MTAP8lYhmZFvTIpW,1671263157,C2IntelFeeds
efe7-155-94-250-25.ap.ngrok.io,Possible Cobalt Strike C2 Domain,/jquery-3.3.1.min.js,1671263157,C2IntelFeeds
elvnetworks.com,Possible Cobalt Strike C2 Domain,/fam_newspaper.html,1671263157,C2IntelFeeds
elvnetworks.com,Possible Cobalt Strike C2 Domain,/ki,1671263157,C2IntelFeeds
elvnetworks.com,Possible Cobalt Strike C2 Domain,/link.html,1671263157,C2IntelFeeds
email.ali-exmail.net,Possible Cobalt Strike C2 Domain,/jquery-3.3.1.min.js,1671263157,C2IntelFeeds
epowersoftware.com,Possible Cobalt Strike C2 Domain,/ml,1671263157,C2IntelFeeds
epowersoftware.com,Possible Cobalt Strike C2 Domain,/sq,1671263157,C2IntelFeeds
esedevelopment.com,Possible Cobalt Strike C2 Domain,/en,1671263157,C2IntelFeeds
esfxe.com,Possible Cobalt Strike C2 Domain,/arrive.ico,1671263157,C2IntelFeeds
esoftwareupdates.com,Possible Cobalt Strike C2 Domain,/fam_cart,1671263157,C2IntelFeeds
esoftwareupdates.com,Possible Cobalt Strike C2 Domain,/ms.css,1671263157,C2IntelFeeds
evilredteamthings.com,Possible PoshC2 Fronting Domain,/cdba/,1671263157,C2IntelFeeds
expoglobalservice.com,Possible Cobalt Strike C2 Domain,/RELEASES,1671263157,C2IntelFeeds
expoglobalservice.com,Possible Cobalt Strike C2 Domain,/boxes,1671263157,C2IntelFeeds
expoglobalservice.com,Possible Cobalt Strike C2 Domain,/language,1671263157,C2IntelFeeds
finance.rapidfinact.com,Possible Cobalt Strike C2 Domain,/Remove/favorites/KM1DPMDAL,1671263157,C2IntelFeeds
fishhub.ca,Possible Cobalt Strike C2 Fronted Domain,/r/webdev/comments/95ltyr,1671263157,C2IntelFeeds
flukengase.com,Possible Cobalt Strike C2 Domain,/faq.js,1671263157,C2IntelFeeds
flukengase.com,Possible Cobalt Strike C2 Domain,/modcp.js,1671263157,C2IntelFeeds
flukengase.com,Possible Cobalt Strike C2 Fronting Domain,/faq.js,1671263157,C2IntelFeeds
flukengase.com,Possible Cobalt Strike C2 Fronting Domain,/mobile-home.js,1671263157,C2IntelFeeds
flukengase.com,Possible Cobalt Strike C2 Fronting Domain,/modcp.js,1671263157,C2IntelFeeds
followfornew.com,Possible Cobalt Strike C2 Domain,/Derive/pix/X345DB3X,1671263157,C2IntelFeeds
fqmzwmhx.com,Possible Cobalt Strike C2 Domain,/s/GetFileName,1671263157,C2IntelFeeds
freeloop.ml,Possible Cobalt Strike C2 Domain,/language.html,1671263157,C2IntelFeeds
freetest.free.idcfengye.com,Possible Cobalt Strike C2 Domain,/api/x,1671263157,C2IntelFeeds
freshuper.com,Possible Cobalt Strike C2 Domain,/jquery-3.3.1.min.js,1671263157,C2IntelFeeds
fxpae.com,Possible Cobalt Strike C2 Domain,/mark,1671263157,C2IntelFeeds
gaswert.com,Possible Cobalt Strike C2 Domain,/jquery-3.3.1.min.js,1671263157,C2IntelFeeds
generalimaps.com,Possible Cobalt Strike C2 Domain,/generate/payments/0TQZUKLJI7,1671263157,C2IntelFeeds
genozefe.com,Possible Cobalt Strike C2 Domain,/produce/clear/9LQGWIGRN,1671263157,C2IntelFeeds
geotypico.com,Possible Cobalt Strike C2 Fronting Domain,/safebrowsing/d5pERENa/PnpJkYMYtUJziWuAS0icoN,1671263157,C2IntelFeeds
get-music-online.com,Possible Cobalt Strike C2 Domain,/annotate/v4.41/2C63LGHRE23,1671263157,C2IntelFeeds
get-smartbuyer.com,Possible Cobalt Strike C2 Domain,/register/spain/KCZL8EPU4B91,1671263157,C2IntelFeeds
gf.com.cn,Possible Cobalt Strike C2 Fronting Domain,/functionalStatus/TqKwawSVfLIhmsolAo7M2TzcQ8,1671263157,C2IntelFeeds
globalplayservices.com,Possible Cobalt Strike C2 Domain,/Def/volunteer/TR6OGHOLW,1671263157,C2IntelFeeds
globalsteamclub.com,Possible Cobalt Strike C2 Domain,/Sub/preview/NDFHB2LG,1671263157,C2IntelFeeds
go.gogogocdn.uk,Possible Cobalt Strike C2 Fronted Domain,/MicrosoftUpdate/ShellEx/KB242742/default.aspx,1671263157,C2IntelFeeds
google-help-center.tk,Possible Cobalt Strike C2 Domain,/_/scs/mail-static/_/js/,1671263157,C2IntelFeeds
google.google-updatas.workers.dev,Possible Cobalt Strike C2 Domain,/tab_home_active,1671263157,C2IntelFeeds
google.it,Possible Cobalt Strike C2 Fronting Domain,/be.html,1671263157,C2IntelFeeds
google.ru,Possible Cobalt Strike C2 Fronting Domain,/remove.css,1671263157,C2IntelFeeds
googlecloudsvcs.com,Possible Cobalt Strike C2 Domain,/owa/iS0FOUoc0R1nWN7Fmhh3KgO9mFyhiv0hEitEO3AeyfyT,1671263157,C2IntelFeeds
googlecontentuser.com,Possible Cobalt Strike C2 Domain,/pixel,1671263157,C2IntelFeeds
gordonquinlan.com,Possible Cobalt Strike C2 Domain,/jquery-3.5.1.min.js,1671263157,C2IntelFeeds
gov.twittter.info,Possible Cobalt Strike C2 Domain,/jquery-3.3.1.min.js,1671263157,C2IntelFeeds
gs.bing.com,Possible Cobalt Strike C2 Fronting Domain,/dpixel,1671263157,C2IntelFeeds
gs.bing.com.dsa.dnsv1.com.cn,Possible Cobalt Strike C2 Fronted Domain,/dpixel,1671263157,C2IntelFeeds
gupd.g00gle.ga,Possible Cobalt Strike C2 Domain,/jquery-3.3.1.min.js,1671263157,C2IntelFeeds
gusuyajib.com,Possible Cobalt Strike C2 Fronted Domain,/admin,1671263157,C2IntelFeeds
guuik.com,Possible Cobalt Strike C2 Domain,/jquery-3.3.1.min.js,1671263157,C2IntelFeeds
haecohk.azureedge.net,Possible Cobalt Strike C2 Domain,/claim/v8.77/F2KOXK0YS,1671263157,C2IntelFeeds
hk-azure-agoda.azurewebsites.net,Possible Cobalt Strike C2 Domain,/jquery-3.3.1.min.js,1671263157,C2IntelFeeds
holy-dust-6b6e.siwuxie6.workers.dev,Possible Cobalt Strike C2 Domain,/jquery-3.3.1.min.js,1671263157,C2IntelFeeds
img.bandu-img.tk,Possible Cobalt Strike C2 Domain,/api/3,1671263157,C2IntelFeeds
img.bandu.cf,Possible Cobalt Strike C2 Domain,/api/3,1671263157,C2IntelFeeds
imtoken.com.co,Possible Cobalt Strike C2 Fronted Domain,/image/,1671263157,C2IntelFeeds
jh.zsqiji.com,Possible Cobalt Strike C2 Domain,/jquery-3.3.1.min.js,1671263157,C2IntelFeeds
jingrry.tk,Possible Cobalt Strike C2 Domain,/match,1671263157,C2IntelFeeds
jobs.lamudiph.com,Possible Cobalt Strike C2 Domain,/ca,1671263157,C2IntelFeeds
jp.gthan.tk,Possible Cobalt Strike C2 Domain,/match,1671263157,C2IntelFeeds
jquery.192254.xyz,Possible Cobalt Strike C2 Domain,/jquery-3.3.1.min.js,1671263157,C2IntelFeeds
jquery.microsoft-flash.tk,Possible Cobalt Strike C2 Domain,/jquery-3.3.1.min.js,1671263157,C2IntelFeeds
jt.tnnd.ml,Possible Cobalt Strike C2 Domain,/xmlconnect.html,1671263157,C2IntelFeeds
kgdtg45.tk,Possible Cobalt Strike C2 Domain,/messages/kqJf84,1671263157,C2IntelFeeds
komapu.co,Possible Cobalt Strike C2 Fronted Domain,/oscp/,1671263157,C2IntelFeeds
kratomleaf.strangled.net,Possible Cobalt Strike C2 Domain,/jquery-3.3.1.min.js,1671263157,C2IntelFeeds
kucujiju.com,Possible Cobalt Strike C2 Domain,/split/v4.70/7HPBUZJP5,1671263157,C2IntelFeeds
latinacorinne.com,Possible Cobalt Strike C2 Domain,/mobile-home,1671263157,C2IntelFeeds
latinacorinne.com,Possible Cobalt Strike C2 Fronting Domain,/mobile-home,1671263157,C2IntelFeeds
log.lihaimaoyi.com,Possible Cobalt Strike C2 Domain,/api/3,1671263157,C2IntelFeeds
m.ffiash.top,Possible Cobalt Strike C2 Domain,/HPImageArchive.aspx,1671263157,C2IntelFeeds
m.qulishi.com,Possible Cobalt Strike C2 Fronted Domain,/info,1671263157,C2IntelFeeds
m4x.bbcinternationalnews.com,Possible Cobalt Strike C2 Domain,/css/jquery.min.js,1671263157,C2IntelFeeds
mail.followfornew.com,Possible Cobalt Strike C2 Domain,/Derive/pix/X345DB3X,1671263157,C2IntelFeeds
mail.generalimaps.com,Possible Cobalt Strike C2 Domain,/generate/payments/0TQZUKLJI7,1671263157,C2IntelFeeds
mail.meadi.com,Possible Cobalt Strike C2 Fronting Domain,/dist/css/bootstrap.min.css,1671263157,C2IntelFeeds
mail.opensearch.xyz,Possible Cobalt Strike C2 Domain,/_/scs/mail-static/_/js/,1671263157,C2IntelFeeds
mainweight.com,Possible Cobalt Strike C2 Domain,/jquery-3.3.1.min.js,1671263157,C2IntelFeeds
managers.pabotelidely.tk,Possible Cobalt Strike C2 Domain,/jquery-3.3.1.min.js,1671263157,C2IntelFeeds
maxkey.online,Possible Cobalt Strike C2 Fronted Domain,/s/ref=nb_sb_noss_1/167-3246918-0264889/field-keywords=books,1671263157,C2IntelFeeds
microcloud.online,Possible Cobalt Strike C2 Domain,/owa/,1671263157,C2IntelFeeds
microsoftindonesia.my.id,Possible Cobalt Strike C2 Domain,/jquery-3.3.1.min.js,1671263157,C2IntelFeeds
microsoftonedrive.online,Possible PoshC2 Fronting Domain,/types/translation/v1/articles/,1671263157,C2IntelFeeds
microsoftservice.tk,Possible Cobalt Strike C2 Domain,/api/3,1671263157,C2IntelFeeds
microsotf.top,Possible Cobalt Strike C2 Fronted Domain,/owa/QRNVU-tW6-4bxMWUIuOJQ3,1671263157,C2IntelFeeds
micrsoft.com.cn,Possible Cobalt Strike C2 Fronting Domain,/cx,1671263157,C2IntelFeeds
micrsoft.com.cn.dsa.dnsv1.com,Possible Cobalt Strike C2 Fronted Domain,/cx,1671263157,C2IntelFeeds
ms1.msndla.com,Possible Cobalt Strike C2 Fronted Domain,/owa/,1671263157,C2IntelFeeds
msdwn.herokuapp.com,Possible Cobalt Strike C2 Domain,/jquery-3.3.1.min.js,1671263157,C2IntelFeeds
msndla.com,Possible Cobalt Strike C2 Fronted Domain,/owa/,1671263157,C2IntelFeeds
mtaxservice.com,Possible Cobalt Strike C2 Domain,/cs,1671263157,C2IntelFeeds
mtaxservice.com,Possible Cobalt Strike C2 Domain,/fam_cart.css,1671263157,C2IntelFeeds
mva.microsoft.com,Possible Cobalt Strike C2 Fronting Domain,/audiencemanager.js,1671263157,C2IntelFeeds
mwbranch.frontlinepay.us,Possible Cobalt Strike C2 Domain,/_/scs/mail-static/_/js/,1671263157,C2IntelFeeds
my-nasa-center.com,Possible Cobalt Strike C2 Domain,/Collect/v10.05/WKW2V6IDR,1671263157,C2IntelFeeds
n3w.n3wf1nd3r.ga,Possible Cobalt Strike C2 Domain,/async/ddljson,1671263157,C2IntelFeeds
netmsmq.com,Possible Cobalt Strike C2 Domain,/process-centric.html,1671263157,C2IntelFeeds
new.hik.icu,Possible Cobalt Strike C2 Domain,/activity,1671263157,C2IntelFeeds
new.hik.icu,Possible Cobalt Strike C2 Domain,/fwlink,1671263157,C2IntelFeeds
new.hik.icu,Possible Cobalt Strike C2 Domain,/g.pixel,1671263157,C2IntelFeeds
new.hik.icu,Possible Cobalt Strike C2 Domain,/j.ad,1671263157,C2IntelFeeds
new.hik.icu,Possible Cobalt Strike C2 Domain,/load,1671263157,C2IntelFeeds
new.hik.icu,Possible Cobalt Strike C2 Domain,/ptj,1671263157,C2IntelFeeds
new.hik.icu,Possible Cobalt Strike C2 Domain,/updates.rss,1671263157,C2IntelFeeds
news.bbcinternationalnews.com,Possible Cobalt Strike C2 Domain,/css/jquery.min.js,1671263157,C2IntelFeeds
nginx.web-framework-kesh.1398747042169696.cn-shanghai.fc.devsapp.net,Possible Cobalt Strike C2 Domain,/reccampportal/HwPortalReccamp.js,1671263157,C2IntelFeeds
nihaosao.freemyip.com,Possible Cobalt Strike C2 Domain,/api/x,1671263157,C2IntelFeeds
nocc.cc,Possible Cobalt Strike C2 Domain,/updates.rss,1671263157,C2IntelFeeds
nofeyage.com,Possible Cobalt Strike C2 Fronted Domain,/tab_home,1671263157,C2IntelFeeds
ns.m1crosoft.xyz,Possible Cobalt Strike C2 Domain,/jquery-3.3.1.min.js,1671263157,C2IntelFeeds
ntpjson.monster,Possible Cobalt Strike C2 Domain,/oscp/,1671263157,C2IntelFeeds
nuesro.com,Possible Cobalt Strike C2 Domain,/jquery-3.3.1.min.js,1671263157,C2IntelFeeds
omg1.kasperslkyupdate.com,Possible Cobalt Strike C2 Domain,/owa/ZA8T7tCWUqxk0xr5g8tqU7dMwNP5It5ebQtgDh,1671263157,C2IntelFeeds
omg2.kasperslkyupdate.com,Possible Cobalt Strike C2 Domain,/owa/ZA8T7tCWUqxk0xr5g8tqU7dMwNP5It5ebQtgDh,1671263157,C2IntelFeeds
onclickads.net,Possible Cobalt Strike C2 Fronting Domain,/link.html,1671263157,C2IntelFeeds
onenasastudio.com,Possible Cobalt Strike C2 Domain,/compose/realestate/WJM4XU60V,1671263157,C2IntelFeeds
oolvgsp5.slt.sched.intlscdn.com,Possible Cobalt Strike C2 Fronted Domain,/center/update.js,1671263157,C2IntelFeeds
openeddns.com,Possible Cobalt Strike C2 Fronted Domain,/profile.html,1671263157,C2IntelFeeds
palalto.live,Possible Cobalt Strike C2 Domain,/jquery-3.3.1.min.js,1671263157,C2IntelFeeds
palaltocloud.online,Possible Cobalt Strike C2 Fronted Domain,/s/ref=nb_sb_noss_1/167-3246918-0264889/field-keywords=books,1671263157,C2IntelFeeds
paloaltocloud.online,Possible Cobalt Strike C2 Fronted Domain,/c/msdownload/update/others/2020/10/29136388_,1671263157,C2IntelFeeds
paloaltokey.store,Possible Cobalt Strike C2 Fronted Domain,/s/ref=nb_sb_noss_1/167-3246918-0264889/field-keywords=books,1671263157,C2IntelFeeds
pay.baidus.top,Possible Cobalt Strike C2 Domain,/fwlink,1671263157,C2IntelFeeds
pingan.cdn.huawei.com,Possible Cobalt Strike C2 Fronting Domain,/api/v2/login,1671263157,C2IntelFeeds
pocudamo.com,Possible Cobalt Strike C2 Domain,/Download/v2.89/3TMSZ580,1671263157,C2IntelFeeds
prodevline.com,Possible Cobalt Strike C2 Domain,/extension.js,1671263157,C2IntelFeeds
prodevline.com,Possible Cobalt Strike C2 Domain,/language.css,1671263157,C2IntelFeeds
ptest.diverto.hr,Possible Cobalt Strike C2 Domain,/IE9CompatViewList.xml,1671263157,C2IntelFeeds
purple-rice-b6eb.walkingdeadbaby.workers.dev,Possible Cobalt Strike C2 Domain,/register/space/FKV1SW8E42,1671263157,C2IntelFeeds
push.azureedge.net,Possible Cobalt Strike C2 Domain,/s/ref=nb_sb_noss_1/167-3294888-0262949/field-keywords=books,1671263157,C2IntelFeeds
push01.azureedge.net,Possible Cobalt Strike C2 Domain,/__utm.gif,1671263157,C2IntelFeeds
qaq.blog.happysec.cn,Possible Cobalt Strike C2 Fronting Domain,/info,1671263157,C2IntelFeeds
qw.conhoosst.com,Possible Cobalt Strike C2 Domain,/language.html,1671263157,C2IntelFeeds
qw.stakcl.com,Possible Cobalt Strike C2 Domain,/bg,1671263157,C2IntelFeeds
qw.svcchcost.com,Possible Cobalt Strike C2 Domain,/Forums.css,1671263157,C2IntelFeeds
qw.svhostt.com,Possible Cobalt Strike C2 Domain,/extension,1671263157,C2IntelFeeds
r1.57thandnormal.com,Possible Cobalt Strike C2 Fronted Domain,/css/jquery.min.js,1671263157,C2IntelFeeds
r1.aheryngrant.com,Possible Cobalt Strike C2 Fronted Domain,/css/jquery.min.js,1671263157,C2IntelFeeds
r2.57thandnormal.com,Possible Cobalt Strike C2 Fronted Domain,/css/jquery.min.js,1671263157,C2IntelFeeds
r2.aheryngrant.com,Possible Cobalt Strike C2 Fronted Domain,/css/jquery.min.js,1671263157,C2IntelFeeds
ramdd.com,Possible Cobalt Strike C2 Domain,/order.mp4a,1671263157,C2IntelFeeds
reebons.com,Possible Cobalt Strike C2 Domain,/jquery-3.3.1.min.js,1671263157,C2IntelFeeds
rest1.bbcinternationalnews.com,Possible Cobalt Strike C2 Domain,/owa/ZA8T7tCWUqxk0xr5g8tqU7dMwNP5It5ebQtgDh,1671263157,C2IntelFeeds
rest2.bbcinternationalnews.com,Possible Cobalt Strike C2 Domain,/owa/ZA8T7tCWUqxk0xr5g8tqU7dMwNP5It5ebQtgDh,1671263157,C2IntelFeeds
rngupdatem.buzz,Possible Cobalt Strike C2 Domain,/nv.js,1671263157,C2IntelFeeds
ronalivereports.com,Possible Cobalt Strike C2 Domain,/j.ad,1671263157,C2IntelFeeds
routeoffice.msndla.com,Possible Cobalt Strike C2 Domain,/owa/,1671263157,C2IntelFeeds
routeoffice.msndla.com,Possible Cobalt Strike C2 Fronting Domain,/owa/,1671263157,C2IntelFeeds
rpcmpipe.com,Possible Cobalt Strike C2 Domain,/persistent.png,1671263157,C2IntelFeeds
rsa-cdn.com,Possible Cobalt Strike C2 Fronted Domain,/s/ref=nb_sb_noss_1/743-21494898-1923945/field-keywords=man,1671263157,C2IntelFeeds
rumbergerkirkcaldwell.com,Possible Cobalt Strike C2 Fronted Domain,/s/ref=nb_sb_noss_1/167-3294888-0262949/field-keywords=books,1671263157,C2IntelFeeds
rw1.sentrysource.com,Possible Cobalt Strike C2 Domain,/__utm.gif,1671263157,C2IntelFeeds
s1.kagirl.cn,Possible Cobalt Strike C2 Fronted Domain,/dist/css/bootstrap.min.css,1671263157,C2IntelFeeds
s15.kaspenskyupdate.com,Possible Cobalt Strike C2 Domain,/wp06/wp-includes/po.php,1671263157,C2IntelFeeds
s4g86sf.tk,Possible Cobalt Strike C2 Domain,/jquery-3.3.1.min.js,1671263157,C2IntelFeeds
sajij.com,Possible Cobalt Strike C2 Domain,/jquery-3.3.1.min.js,1671263157,C2IntelFeeds
sans.nyaasu.top,Possible Cobalt Strike C2 Fronted Domain,/center/update.js,1671263157,C2IntelFeeds
secure.followfornew.com,Possible Cobalt Strike C2 Domain,/Derive/pix/X345DB3X,1671263157,C2IntelFeeds
secure.generalimaps.com,Possible Cobalt Strike C2 Domain,/generate/payments/0TQZUKLJI7,1671263157,C2IntelFeeds
sercieupdn.host,Possible Cobalt Strike C2 Domain,/change/shtml/X4XL95PABD8,1671263157,C2IntelFeeds
server2077.microsoft-essentials.com,Possible Cobalt Strike C2 Domain,/jquery-3.3.1.min.js,1671263157,C2IntelFeeds
service-05e9n765-1258477482.bj.apigw.tencentcs.com,Possible Cobalt Strike C2 Domain,/c/msdownload/update/others/2016/12/29136388_,1671263157,C2IntelFeeds
service-0sj91cuc-1257589019.hk.apigw.tencentcs.com,Possible Cobalt Strike C2 Domain,/api/getit,1671263157,C2IntelFeeds
service-3bbcy0mh-1312435925.bj.apigw.tencentcs.com,Possible Cobalt Strike C2 Domain,/api/getit,1671263157,C2IntelFeeds
service-3zgxww3t-1257834136.bj.apigw.tencentcs.com,Possible Cobalt Strike C2 Domain,/api/x,1671263157,C2IntelFeeds
service-46x0chc9-1254160083.sh.apigw.tencentcs.com,Possible Cobalt Strike C2 Domain,/api/x,1671263157,C2IntelFeeds
service-5r35x0x0-1310046338.gz.apigw.tencentcs.com,Possible Cobalt Strike C2 Domain,/s,1671263157,C2IntelFeeds
service-628wkesq-1306704820.gz.apigw.tencentcs.com,Possible Cobalt Strike C2 Domain,/api/x,1671263157,C2IntelFeeds
service-6ir62u5h-1300989389.bj.apigw.tencentcs.com,Possible Cobalt Strike C2 Domain,/api/x,1671263157,C2IntelFeeds
service-6mhj4gjw-1309094654.gz.apigw.tencentcs.com,Possible Cobalt Strike C2 Domain,/api/x,1671263157,C2IntelFeeds
service-6xc4bte4-1257925038.gz.apigw.tencentcs.com,Possible Cobalt Strike C2 Domain,/api/getit,1671263157,C2IntelFeeds
service-7tllas30-1313419091.gz.apigw.tencentcs.com,Possible Cobalt Strike C2 Fronting Domain,/jquery-3.3.1.min.js,1671263157,C2IntelFeeds
service-8oo7x6bm-1308132250.gz.apigw.tencentcs.com,Possible Cobalt Strike C2 Domain,/api/x,1671263157,C2IntelFeeds
service-9t65vksr-1259444062.sh.apigw.tencentcs.com,Possible Cobalt Strike C2 Domain,/api/x,1671263157,C2IntelFeeds
service-a7xtku4n-1252123187.sh.apigw.tencentcs.com,Possible Cobalt Strike C2 Domain,/api/getit,1671263157,C2IntelFeeds
service-acvqglxq-1302375682.gz.apigw.tencentcs.com,Possible Cobalt Strike C2 Domain,/activity,1671263157,C2IntelFeeds
service-aqum5s30-1308454369.gz.apigw.tencentcs.com,Possible Cobalt Strike C2 Domain,/api/stream,1671263157,C2IntelFeeds
service-bny5eh7w-1309094654.gz.apigw.tencentcs.com,Possible Cobalt Strike C2 Domain,/api/x,1671263157,C2IntelFeeds
service-bum9h8g2-1310216285.hk.apigw.tencentcs.com,Possible Cobalt Strike C2 Domain,/api/getit,1671263157,C2IntelFeeds
service-bzzkyay3-1304672019.bj.apigw.tencentcs.com,Possible Cobalt Strike C2 Domain,/api/getit,1671263157,C2IntelFeeds
service-cbfwd88z-1253683204.bj.apigw.tencentcs.com,Possible Cobalt Strike C2 Domain,/www/handle/doc,1671263157,C2IntelFeeds
service-cjgyy59m-1301310284.gz.apigw.tencentcs.com,Possible Cobalt Strike C2 Domain,/api/getit,1671263157,C2IntelFeeds
service-dancq08b-1306177445.cd.apigw.tencentcs.com,Possible Cobalt Strike C2 Domain,/api/x,1671263157,C2IntelFeeds
service-dq64etf3-1251889899.sh.apigw.tencentcs.com,Possible Cobalt Strike C2 Domain,/match,1671263157,C2IntelFeeds
service-e2k45q5k-1313934947.gz.apigw.tencentcs.com,Possible Cobalt Strike C2 Domain,api/x,1671263157,C2IntelFeeds
service-f28fmeum-1256527261.gz.apigw.tencentcs.com,Possible Cobalt Strike C2 Domain,/api/x,1671263157,C2IntelFeeds
service-f520cemg-1308290351.nj.apigw.tencentcs.com,Possible Cobalt Strike C2 Domain,/api/getit,1671263157,C2IntelFeeds
service-fa7um5z4-1314640586.gz.apigw.tencentcs.com,Possible Cobalt Strike C2 Domain,/api/x,1671263157,C2IntelFeeds
service-fmbftrxi-1314507962.gz.apigw.tencentcs.com,Possible Cobalt Strike C2 Domain,/api/x,1671263157,C2IntelFeeds
service-fte7vj3a-1308454369.gz.apigw.tencentcs.com,Possible Cobalt Strike C2 Domain,/api/stream,1671263157,C2IntelFeeds
service-gcnqmcp3-1307217324.bj.apigw.tencentcs.com,Possible Cobalt Strike C2 Domain,/api/sortByName,1671263157,C2IntelFeeds
service-gp6xrjkz-1314128526.sh.apigw.tencentcs.com,Possible Cobalt Strike C2 Domain,/api/getit,1671263157,C2IntelFeeds
service-hnqgk6cm-1257925038.gz.apigw.tencentcs.com,Possible Cobalt Strike C2 Domain,/api/getit,1671263157,C2IntelFeeds
service-hvw1mmh9-1301288334.sh.apigw.tencentcs.com,Possible Cobalt Strike C2 Domain,/api/getit,1671263157,C2IntelFeeds
service-i0k34aj0-1306743016.gz.apigw.tencentcs.com,Possible Cobalt Strike C2 Domain,/api/getit,1671263157,C2IntelFeeds
service-jaqtuxgu-1256226576.gz.apigw.tencentcs.com,Possible Cobalt Strike C2 Domain,/api/getit,1671263157,C2IntelFeeds
service-js91wgi1-1303855452.sh.apigw.tencentcs.com,Possible Cobalt Strike C2 Domain,/api/p/32444,1671263157,C2IntelFeeds
service-kq7n1wbv-1259492848.sh.apigw.tencentcs.com,Possible Cobalt Strike C2 Domain,/api/x,1671263157,C2IntelFeeds
service-kuy5z66l-1308290351.bj.apigw.tencentcs.com,Possible Cobalt Strike C2 Domain,/api/getit,1671263157,C2IntelFeeds
service-l6iddcmy-1311631395.usw.apigw.tencentcs.com,Possible Cobalt Strike C2 Domain,/api/x,1671263157,C2IntelFeeds
service-lj2dtyjl-1304085546.bj.apigw.tencentcs.com,Possible Cobalt Strike C2 Domain,/api/x,1671263157,C2IntelFeeds
service-ltxn64q7-1259697681.sh.apigw.tencentcs.com,Possible Cobalt Strike C2 Domain,/jquery-3.3.1.min.js,1671263157,C2IntelFeeds
service-lv7umt7y-1315090928.gz.apigw.tencentcs.com,Possible Cobalt Strike C2 Domain,/api/x,1671263157,C2IntelFeeds
service-mb04jg90-1308769889.gz.apigw.tencentcs.com,Possible Cobalt Strike C2 Domain,/pixel.gif,1671263157,C2IntelFeeds
service-midcr76z-1308133958.bj.apigw.tencentcs.com,Possible Cobalt Strike C2 Domain,/api/getit,1671263157,C2IntelFeeds
service-mlulm54w-1257046868.hk.apigw.tencentcs.com,Possible Cobalt Strike C2 Domain,/api/x,1671263157,C2IntelFeeds
service-n5iw40tj-1301841391.bj.apigw.tencentcs.com,Possible Cobalt Strike C2 Domain,/push,1671263157,C2IntelFeeds
service-o4rza4bu-1308308838.gz.apigw.tencentcs.com,Possible Cobalt Strike C2 Domain,/api/x,1671263157,C2IntelFeeds
service-ohpiv7vr-1310764774.bj.apigw.tencentcs.com,Possible Cobalt Strike C2 Domain,/api/x,1671263157,C2IntelFeeds
service-owesqf56-1301921965.gz.apigw.tencentcs.com,Possible Cobalt Strike C2 Domain,/api/x,1671263157,C2IntelFeeds
service-q0gj4dfb-1302578193.kr.apigw.tencentcs.com,Possible Cobalt Strike C2 Domain,/ptj,1671263157,C2IntelFeeds
service-r2ucee4g-1306743016.gz.apigw.tencentcs.com,Possible Cobalt Strike C2 Domain,/api/getit,1671263157,C2IntelFeeds
service-r3cm3g31-1252698888.sh.apigw.tencentcs.com,Possible Cobalt Strike C2 Domain,/api/x,1671263157,C2IntelFeeds
sfimcdnupdate.sf-tech.com.cn,Possible Cobalt Strike C2 Fronting Domain,/lib/v2/wcp-consent.js,1671263157,C2IntelFeeds
sfimcdnupdate.sf-tech.com.cn.wswebpic.com,Possible Cobalt Strike C2 Fronted Domain,/lib/v2/wcp-consent.js,1671263157,C2IntelFeeds
sn1ff1.kasperslkyupdate.com,Possible Cobalt Strike C2 Domain,/owa/ZA8T7tCWUqxk0xr5g8tqU7dMwNP5It5ebQtgDh,1671263157,C2IntelFeeds
sn1ff2.kasperslkyupdate.com,Possible Cobalt Strike C2 Domain,/owa/ZA8T7tCWUqxk0xr5g8tqU7dMwNP5It5ebQtgDh,1671263157,C2IntelFeeds
sogouupdate.com,Possible Cobalt Strike C2 Domain,/ptj,1671263157,C2IntelFeeds
solar.huawei.com,Possible Cobalt Strike C2 Fronted Domain,/audiencemanager.js,1671263157,C2IntelFeeds
sprintmedia.xyz,Possible Cobalt Strike C2 Domain,/remove,1671263157,C2IntelFeeds
sso-reinvestment.com,Possible Cobalt Strike C2 Domain,/hr,1671263157,C2IntelFeeds
sso.alwaysasusual.com,Possible Cobalt Strike C2 Fronted Domain,/links.css,1671263157,C2IntelFeeds
sso.alwaysasusual.com,Possible Cobalt Strike C2 Fronted Domain,/mt.html,1671263157,C2IntelFeeds
sso.bradleysair.com,Possible Cobalt Strike C2 Fronted Domain,/FAQ,1671263157,C2IntelFeeds
sso.bradleysair.com,Possible Cobalt Strike C2 Fronted Domain,/r-arrow,1671263157,C2IntelFeeds
sso.cliclicker.com,Possible Cobalt Strike C2 Fronted Domain,/eso,1671263157,C2IntelFeeds
sso.cliclicker.com,Possible Cobalt Strike C2 Fronted Domain,/mk,1671263157,C2IntelFeeds
sso.flukengase.com,Possible Cobalt Strike C2 Fronted Domain,/faq.js,1671263157,C2IntelFeeds
sso.flukengase.com,Possible Cobalt Strike C2 Fronted Domain,/modcp.js,1671263157,C2IntelFeeds
sso.latinacorinne.com,Possible Cobalt Strike C2 Fronted Domain,/mobile-home,1671263157,C2IntelFeeds
sso.ssndob.cn.com,Possible Cobalt Strike C2 Domain,/owa/ZA8T7tCWUqxk0xr5g8tqU7dMwNP5It5ebQtgDh,1671263157,C2IntelFeeds
stakerelease.com,Possible Cobalt Strike C2 Domain,/build/pop/XKB1U0DPBV,1671263157,C2IntelFeeds
stat.hik.icu,Possible Cobalt Strike C2 Domain,/dot.gif,1671263157,C2IntelFeeds
stat.hik.icu,Possible Cobalt Strike C2 Domain,/g.pixel,1671263157,C2IntelFeeds
static.appnexus.live,Possible Cobalt Strike C2 Domain,/mt,1671263157,C2IntelFeeds
static.baidu.com,Possible Cobalt Strike C2 Fronting Domain,/jquery-3.2.1.min.js,1671263157,C2IntelFeeds
static.baidu.com.dsa.dnsv1.com.cn,Possible Cobalt Strike C2 Fronted Domain,/jquery-3.2.1.min.js,1671263157,C2IntelFeeds
static.career.huawei.com,Possible Cobalt Strike C2 Fronting Domain,/reccampportal/HwPortalReccamp.js,1671263157,C2IntelFeeds
summer-lake-fa5f.msgz-aajsd.workers.dev,Possible Cobalt Strike C2 Domain,/na.css,1671263157,C2IntelFeeds
sunbelt.azureedge.net,Possible Cobalt Strike C2 Domain,/ro,1671263157,C2IntelFeeds
sunbelt.azureedge.net,Possible Cobalt Strike C2 Domain,/search,1671263157,C2IntelFeeds
sunflower-investment.su,Possible Cobalt Strike C2 Domain,/_/scs/mail-static/_/js/,1671263157,C2IntelFeeds
support-fbi.tk,Possible Cobalt Strike C2 Domain,/_/scs/mail-static/_/js/,1671263157,C2IntelFeeds
support.azrue-mircosoft.com,Possible Cobalt Strike C2 Domain,/rs.html,1671263157,C2IntelFeeds
svchost20221216.ddnsfree.com,Possible Cobalt Strike C2 Domain,/dynu-3.3.1.min.js,1671263157,C2IntelFeeds
svchost221114.ddns.net,Possible Cobalt Strike C2 Domain,/push,1671263157,C2IntelFeeds
svchost221125.ddns.net,Possible Cobalt Strike C2 Domain,/dynu-3.3.1.min.js,1671263157,C2IntelFeeds
svchost221125.ddns.net,Possible Cobalt Strike C2 Domain,/jquery-3.3.1.min.js,1671263157,C2IntelFeeds
system-view.top,Possible Cobalt Strike C2 Fronted Domain,/owa/cu4InZW9ssVNSMhJAari961-8LBcPodgM,1671263157,C2IntelFeeds
tasty-reading-gw.aws-euw1.cloud-ara.tyk.io,Possible Cobalt Strike C2 Domain,/fashion/openbsd/48HODHO9JL,1671263157,C2IntelFeeds
team.arrenal.com,Possible Cobalt Strike C2 Domain,/ptj,1671263157,C2IntelFeeds
teamelite-ck.info,Possible Cobalt Strike C2 Fronting Domain,/center/update.js,1671263157,C2IntelFeeds
teams.microsoftindonesia.my.id,Possible Cobalt Strike C2 Domain,/jquery-3.3.1.min.js,1671263157,C2IntelFeeds
tektadgame.at,Possible Cobalt Strike C2 Domain,/activity,1671263157,C2IntelFeeds
tektadgame.at,Possible Cobalt Strike C2 Domain,/load,1671263157,C2IntelFeeds
tektadgame.at,Possible Cobalt Strike C2 Fronted Domain,/api/3,1671263157,C2IntelFeeds
telex.pioneerprinters.com,Possible Cobalt Strike C2 Fronted Domain,/s/ref=telexpose_1/167-3294888-02898944/submit=rates,1671263157,C2IntelFeeds
tencant.gq,Possible Cobalt Strike C2 Domain,/api/3,1671263157,C2IntelFeeds
tender.jkub.com,Possible Cobalt Strike C2 Domain,/jquery-3.3.1.min.js,1671263157,C2IntelFeeds
test.227api.com,Possible Cobalt Strike C2 Domain,/g.pixel,1671263157,C2IntelFeeds
testok.bilibili.com,Possible Cobalt Strike C2 Fronting Domain,/s/ref=nb_sb_noss_1/167-3294888-0262949/field-keywords=books,1671263157,C2IntelFeeds
testwscdn.m.37.com,Possible Cobalt Strike C2 Fronted Domain,/dist/css/bootstrap.min.css,1671263157,C2IntelFeeds
tesupdates.buzz,Possible Cobalt Strike C2 Domain,/HPImageArchive.aspx,1671263157,C2IntelFeeds
tesupdates.buzz,Possible Cobalt Strike C2 Domain,/nv.js,1671263157,C2IntelFeeds
texasflooddesign.com,Possible Cobalt Strike C2 Domain,/test/v4.2/O7J94ZCC,1671263157,C2IntelFeeds
thegoodfoodusa.com,Possible Cobalt Strike C2 Domain,/design/other/LPGVIZN09L,1671263157,C2IntelFeeds
theteamspeak.com,Possible Cobalt Strike C2 Fronted Domain,/preload,1671263157,C2IntelFeeds
thira.icu,Possible Cobalt Strike C2 Domain,/applications,1671263157,C2IntelFeeds
thira.icu,Possible Cobalt Strike C2 Domain,/driven,1671263157,C2IntelFeeds
tobinwimkin.host,Possible Cobalt Strike C2 Domain,/j.ad,1671263157,C2IntelFeeds
trainingcases.com,Possible Cobalt Strike C2 Domain,/Interpret/m1/4V1CUFUP,1671263157,C2IntelFeeds
trid-tools.com,Possible Cobalt Strike C2 Domain,/cr,1671263157,C2IntelFeeds
trid-tools.com,Possible Cobalt Strike C2 Domain,/fam_cart.css,1671263157,C2IntelFeeds
tritikoin.com,Possible Cobalt Strike C2 Domain,/visit.js,1671263157,C2IntelFeeds
try.esecure.services,Possible Cobalt Strike C2 Fronted Domain,/s/ref=nb_sb_noss_1/167-3294888-0262949/field-keywords=books,1671263157,C2IntelFeeds
tumbleproperty.com,Possible Cobalt Strike C2 Domain,/put/intracorp/XG4VY9UN3,1671263157,C2IntelFeeds
tuuik.com,Possible Cobalt Strike C2 Domain,/jquery-3.3.1.min.js,1671263157,C2IntelFeeds
uknow.tellmewhy.lol,Possible Cobalt Strike C2 Domain,/owa/EZ52BnkGdKlsxZR14MKsLS7,1671263157,C2IntelFeeds
update.aliyunupdate.work,Possible Cobalt Strike C2 Domain,/jquery-3.3.1.min.js,1671263157,C2IntelFeeds
update.asiainfo-sec.com,Possible Cobalt Strike C2 Fronting Domain,/s/ref=nb_sb_noss_1/167-3294888-0262949/field-keywords=books,1671263157,C2IntelFeeds
update.asiainfo-sec.com.cdn.dnsv1.com.cn,Possible Cobalt Strike C2 Fronted Domain,/s/ref=nb_sb_noss_1/167-3294888-0262949/field-keywords=books,1671263157,C2IntelFeeds
update.fiashupdate.ga,Possible Cobalt Strike C2 Domain,/images/,1671263157,C2IntelFeeds
update.micsoft365.online,Possible Cobalt Strike C2 Domain,/5eN1bjq8AAUYm2zgoY3K/ll_93667efa.js,1671263157,C2IntelFeeds
update.northcentralus.cloudapp.azure.com,Possible Cobalt Strike C2 Domain,/pixel,1671263157,C2IntelFeeds
update.qian-xin.com,Possible Cobalt Strike C2 Domain,/image/,1671263157,C2IntelFeeds
update.updatewps.net,Possible Cobalt Strike C2 Domain,/jquary-3.3.1.min.js,1671263157,C2IntelFeeds
update01.flagstar.cloud,Possible Cobalt Strike C2 Domain,/jquery-3.3.1.min.js,1671263157,C2IntelFeeds
updates.360.cn,Possible Cobalt Strike C2 Fronting Domain,/s/ref=nb_sb_noss_1/167-3294888-0262949/field-keywords=books,1671263157,C2IntelFeeds
updates.360.cn.cdn.dnsv1.com.cn,Possible Cobalt Strike C2 Fronted Domain,/s/ref=nb_sb_noss_1/167-3294888-0262949/field-keywords=books,1671263157,C2IntelFeeds
us-central1-noted-processor-340815.cloudfunctions.net,Possible Cobalt Strike C2 Domain,/proxy/gp/aj/private/reviewsGallery/get-application-resources,1671263157,C2IntelFeeds
vbp950269936.softether.net,Possible Cobalt Strike C2 Domain,/IE9CompatViewList.xml,1671263157,C2IntelFeeds
vbp950269936.softether.net,Possible Cobalt Strike C2 Domain,/dpixel,1671263157,C2IntelFeeds
vgflab.de,Possible Cobalt Strike C2 Fronted Domain,/update,1671263157,C2IntelFeeds
wakawaka.microsoft.com,Possible Cobalt Strike C2 Fronting Domain,/hahaha/yomobing,1671263157,C2IntelFeeds
wakawaka1.b0.aicdn.com,Possible Cobalt Strike C2 Fronted Domain,/hahaha/yomobing,1671263157,C2IntelFeeds
web.bbcinternationalnews.com,Possible Cobalt Strike C2 Domain,/css/jquery.min.js,1671263157,C2IntelFeeds
web.granapo.com.global.prod.fastly.net,Possible Cobalt Strike C2 Domain,/jquery-3.3.1.min.js,1671263157,C2IntelFeeds
webexsupport.eastus.cloudapp.azure.com,Possible Cobalt Strike C2 Fronted Domain,/admin,1671263157,C2IntelFeeds
websitems.top,Possible Cobalt Strike C2 Domain,/watch,1671263157,C2IntelFeeds
weixinh5.spacechina.com,Possible Cobalt Strike C2 Fronting Domain,/dist/css/bootstrap.min.css,1671263157,C2IntelFeeds
wemacet.com,Possible Cobalt Strike C2 Fronted Domain,/ch.css,1671263157,C2IntelFeeds
west-cool.starshealters.com,Possible Cobalt Strike C2 Domain,/case.css,1671263157,C2IntelFeeds
whatever.com,Possible Cobalt Strike C2 Fronting Domain,/admin,1671263157,C2IntelFeeds
wikipedia.org,Possible Cobalt Strike C2 Fronting Domain,/tab_home,1671263157,C2IntelFeeds
wocanas.com,Possible Cobalt Strike C2 Fronted Domain,/copyright,1671263157,C2IntelFeeds
ww.hostrocketsupport.net,Possible Cobalt Strike C2 Domain,/jquary-3.3.1.min.js,1671263157,C2IntelFeeds
www.8dwww.com,Possible Cobalt Strike C2 Fronted Domain,/center/update.js,1671263157,C2IntelFeeds
www.acgnet.cn,Possible Cobalt Strike C2 Fronted Domain,/info,1671263157,C2IntelFeeds
www.alwaysasusual.com,Possible Cobalt Strike C2 Fronted Domain,/links.css,1671263157,C2IntelFeeds
www.alwaysasusual.com,Possible Cobalt Strike C2 Fronted Domain,/ur.html,1671263157,C2IntelFeeds
www.asdjlcna.tk,Possible Cobalt Strike C2 Domain,/pixel,1671263157,C2IntelFeeds
www.attck.top,Possible Cobalt Strike C2 Domain,/ca,1671263157,C2IntelFeeds
www.baidu.com,Possible Cobalt Strike C2 Fronting Domain,/5eN1bjq8AAUYm2zgoY3K/ll_9354efa.js,1671263157,C2IntelFeeds
www.baidui.info,Possible Cobalt Strike C2 Domain,/developer-server/online/_next/static/css,1671263157,C2IntelFeeds
www.bradleysair.com,Possible Cobalt Strike C2 Fronted Domain,/r-arrow,1671263157,C2IntelFeeds
www.c1oudflare.tk,Possible Cobalt Strike C2 Domain,/case.js,1671263157,C2IntelFeeds
www.cdbweb.vip,Possible Cobalt Strike C2 Domain,/ca,1671263157,C2IntelFeeds
www.cliclicker.com,Possible Cobalt Strike C2 Fronted Domain,/ce,1671263157,C2IntelFeeds
www.cliclicker.com,Possible Cobalt Strike C2 Fronted Domain,/mk,1671263157,C2IntelFeeds
www.configlive.work.gd,Possible Cobalt Strike C2 Domain,/design/modem/Q2BN7DY75TA,1671263157,C2IntelFeeds
www.crland.com.cn,Possible Cobalt Strike C2 Fronting Domain,/audiencemanager.js,1671263157,C2IntelFeeds
www.cworks.site,Possible Cobalt Strike C2 Domain,/5aq/XP/SY75Qyw.htm,1671263157,C2IntelFeeds
www.dnehtb.cn,Possible Cobalt Strike C2 Domain,/admin/facvicon.jpg,1671263157,C2IntelFeeds
www.fffcc.ml,Possible Cobalt Strike C2 Domain,/api/3,1671263157,C2IntelFeeds
www.flukengase.com,Possible Cobalt Strike C2 Fronted Domain,/faq.js,1671263157,C2IntelFeeds
www.flukengase.com,Possible Cobalt Strike C2 Fronted Domain,/mobile-home.js,1671263157,C2IntelFeeds
www.followfornew.com,Possible Cobalt Strike C2 Domain,/Derive/pix/X345DB3X,1671263157,C2IntelFeeds
www.generalimaps.com,Possible Cobalt Strike C2 Domain,/generate/payments/0TQZUKLJI7,1671263157,C2IntelFeeds
www.googextz.xyz,Possible Cobalt Strike C2 Domain,/api/3,1671263157,C2IntelFeeds
www.google-updata.com,Possible Cobalt Strike C2 Domain,/tab_home_active,1671263157,C2IntelFeeds
www.googleupdatetk.com,Possible Cobalt Strike C2 Domain,/api/3,1671263157,C2IntelFeeds
www.greenxf.com,Possible Cobalt Strike C2 Fronted Domain,/functionalStatus/TqKwawSVfLIhmsolAo7M2TzcQ8,1671263157,C2IntelFeeds
www.guyonghao.top,Possible Cobalt Strike C2 Domain,/sq.html,1671263157,C2IntelFeeds
www.hzyotoy.com,Possible Cobalt Strike C2 Fronted Domain,/dist/css/bootstrap.min.css,1671263157,C2IntelFeeds
www.kbxueerli.ml,Possible Cobalt Strike C2 Domain,/cm,1671263157,C2IntelFeeds
www.latinacorinne.com,Possible Cobalt Strike C2 Fronted Domain,/mobile-home,1671263157,C2IntelFeeds
www.leatheus.tk,Possible Cobalt Strike C2 Domain,/fashion/openbsd/48HODHO9JL,1671263157,C2IntelFeeds
www.microsoft-update.club,Possible Cobalt Strike C2 Domain,/api/x,1671263157,C2IntelFeeds
www.microsoftav.shop,Possible Cobalt Strike C2 Domain,/www/handle/doc,1671263157,C2IntelFeeds
www.myfood123.tk,Possible Cobalt Strike C2 Domain,/jquery-3.3.1.min.js,1671263157,C2IntelFeeds
www.nosec.eu.org,Possible Cobalt Strike C2 Domain,/visit.js,1671263157,C2IntelFeeds
www.peoplesgroup.com.cn,Possible Cobalt Strike C2 Fronted Domain,/info,1671263157,C2IntelFeeds
www.pldtserver.org,Possible Cobalt Strike C2 Domain,/css/IMG_1323.png,1671263157,C2IntelFeeds
www.rainclv.com,Possible Cobalt Strike C2 Domain,/communicate/font/BXM8R04T,1671263157,C2IntelFeeds
www.reddit.com,Possible Cobalt Strike C2 Fronting Domain,/r/webdev/comments/95ltyr,1671263157,C2IntelFeeds
www.sdf12asd.tk,Possible Cobalt Strike C2 Domain,/jquery-3.3.1.min.js,1671263157,C2IntelFeeds
www.services-support.tk,Possible Cobalt Strike C2 Domain,/microsoft/en-us/auto_sync/sync_update/,1671263157,C2IntelFeeds
www.sf-express.store,Possible Cobalt Strike C2 Domain,/api/getit,1671263157,C2IntelFeeds
www.szhk.com,Possible Cobalt Strike C2 Fronted Domain,/info,1671263157,C2IntelFeeds
www.telex.hu,Possible Cobalt Strike C2 Fronting Domain,/s/ref=telexpose_1/167-3294888-02898944/submit=rates,1671263157,C2IntelFeeds
www.ubds.uk,Possible Cobalt Strike C2 Domain,/jquery-3.3.1.min.js,1671263157,C2IntelFeeds
www.usts.site,Possible Cobalt Strike C2 Domain,/_/scs/mail-static/_/js/,1671263157,C2IntelFeeds
www.vgf-ffm.de,Possible Cobalt Strike C2 Fronting Domain,/update,1671263157,C2IntelFeeds
www.virusltotal.cf,Possible Cobalt Strike C2 Domain,/ca,1671263157,C2IntelFeeds
www.wa1.ink,Possible Cobalt Strike C2 Domain,/s/ref=nb_sb_noss_1/167-3294888-0262949/field-keywords=books,1671263157,C2IntelFeeds
www.whatjs.gq,Possible Cobalt Strike C2 Domain,/jquery-3.3.1.min.js,1671263157,C2IntelFeeds
www.wltenghui.com,Possible Cobalt Strike C2 Fronted Domain,/info,1671263157,C2IntelFeeds
wwww.hostrocketsupport.net,Possible Cobalt Strike C2 Domain,/jquary-3.3.1.min.js,1671263157,C2IntelFeeds
x.227api.com,Possible Cobalt Strike C2 Domain,/cx,1671263157,C2IntelFeeds
x.227api.com,Possible Cobalt Strike C2 Domain,/j.ad,1671263157,C2IntelFeeds
x.227api.com,Possible Cobalt Strike C2 Domain,/updates,1671263157,C2IntelFeeds
xaxej.com,Possible Cobalt Strike C2 Domain,/jquery-3.3.1.min.js,1671263157,C2IntelFeeds
xazuzucem.com,Possible Cobalt Strike C2 Fronted Domain,/be.html,1671263157,C2IntelFeeds
xiboxum.com,Possible Cobalt Strike C2 Fronted Domain,/link.html,1671263157,C2IntelFeeds
xvideos.com,Possible Cobalt Strike C2 Fronting Domain,/ch.css,1671263157,C2IntelFeeds
yaxinsec.topsec.com.cn,Possible Cobalt Strike C2 Fronting Domain,/dist/css/bootstrap.min.css,1671263157,C2IntelFeeds
yetiorcvar.cf,Possible Cobalt Strike C2 Domain,/jquery-3.3.1.min.js,1671263157,C2IntelFeeds
yourauntservices.com,Possible Cobalt Strike C2 Domain,/register/v3/P0Y4XQTL113O,1671263157,C2IntelFeeds
z3a1.ssndob.cn.com,Possible Cobalt Strike C2 Domain,/css/jquery.min.js,1671263157,C2IntelFeeds
z3a1.ssndob.cn.com,Possible Cobalt Strike C2 Fronting Domain,/css/jquery.min.js,1671263157,C2IntelFeeds
z3a2.ssndob.cn.com,Possible Cobalt Strike C2 Fronted Domain,/css/jquery.min.js,1671263157,C2IntelFeeds
zh.googlecdna.tk,Possible Cobalt Strike C2 Domain,/api/3,1671263157,C2IntelFeeds
zixubuc.com,Possible Cobalt Strike C2 Fronted Domain,/be.html,1671263157,C2IntelFeeds
zx.conhoosst.com,Possible Cobalt Strike C2 Domain,/language.html,1671263157,C2IntelFeeds
zx.stakcl.com,Possible Cobalt Strike C2 Domain,/af,1671263157,C2IntelFeeds
zx.svcchcost.com,Possible Cobalt Strike C2 Domain,/Forums.css,1671263157,C2IntelFeeds
zx.svhostt.com,Possible Cobalt Strike C2 Domain,/extension,1671263157,C2IntelFeeds
sf.digital,Possible Cobalt Strike C2 Domain,/temp.js,1671263157,C2IntelFeeds
360.cn,Possible Cobalt Strike C2 Fronting Domain,/FAQ.css,1671263157,C2IntelFeeds
baidu.bddyun.xyz,Possible Cobalt Strike C2 Domain,/www/handle/doc,1671263157,C2IntelFeeds
career.huawei.com,Possible Cobalt Strike C2 Fronted Domain,/jquery-3.3.1.easing.min.js,1671263157,C2IntelFeeds
career.huawei.com,Possible Cobalt Strike C2 Fronted Domain,/reccampportal/HwPortalReccamp.js,1671263157,C2IntelFeeds
google.co.in,Possible Cobalt Strike C2 Fronting Domain,/be.html,1671263157,C2IntelFeeds
google.com,Possible Cobalt Strike C2 Fronting Domain,/profile.html,1671263157,C2IntelFeeds
google.com.br,Possible Cobalt Strike C2 Fronting Domain,/copyright,1671263157,C2IntelFeeds
jp.gta5.eu.org,Possible Cobalt Strike C2 Domain,/route/browser.php,1671263157,C2IntelFeeds
microsoft.com,Possible Cobalt Strike C2 Fronting Domain,/owa/cu4InZW9ssVNSMhJAari961-8LBcPodgM,1671263157,C2IntelFeeds
www.amazon.com,Possible Cobalt Strike C2 Fronting Domain,/s/ref=nb_sb_noss_1/743-21494898-1923945/field-keywords=man,1671263157,C2IntelFeeds
www.edge-chrome.com,Possible Cobalt Strike C2 Domain,/zh.html,1671263157,C2IntelFeeds
